Dataset,Model,Accuracy (avg),Accuracy (std),Accuracy (avg:std),Macro F1 (avg),Macro F1 (std),Macro F1 (avg:std),Macro Precision (avg),Macro Precision (std),Macro Precision (avg:std),Macro Recall (avg),Macro Recall (std),Macro Recall (avg:std),Weighted F1 (avg),Weighted F1 (std),Weighted F1 (avg:std),Weighted Precision (avg),Weighted Precision (std),Weighted Precision (avg:std),Weighted Recall (avg),Weighted Recall (std),Weighted Recall (avg:std),Precision Pre-Void (avg),Precision Pre-Void (std),Precision Pre-Void (avg:std),Recall Pre-Void (avg),Recall Pre-Void (std),Recall Pre-Void (avg:std),F1-Score Pre-Void (avg),F1-Score Pre-Void (std),F1-Score Pre-Void (avg:std),Precision Void (avg),Precision Void (std),Precision Void (avg:std),Recall Void (avg),Recall Void (std),Recall Void (avg/std),F1-Score Void (avg),F1-Score Void (std),F1-Score Void (avg:std),Precision Post-Void (avg),Precision Post-Void (std),Precision Post-Void (avg:std),Recall Post-Void (avg),Recall Post-Void (std),Recall Post-Void (avg:std),F1-Score Post-Void (avg),F1-Score Post-Void (std),F1-Score Post-Void (avg:std)
5s_no,XGBoost,0.78163,0.04482,17.43819,0.7809,0.04971,15.7088,0.79366,0.0558,14.22268,0.78338,0.04733,16.55303,0.77936,0.04719,16.51427,0.79189,0.04897,16.17067,0.78163,0.04482,17.43819,0.79711,0.11399,6.99265,0.73682,0.14491,5.0847,0.75582,0.09665,7.81996,0.77013,0.05769,13.34917,0.76693,0.10424,7.35732,0.76129,0.04387,17.35276,0.81374,0.08321,9.77937,0.84639,0.04687,18.059,0.82559,0.03515,23.4872
3s_no,XGBoost,0.7614,0.04673,16.29269,0.76034,0.04894,15.5366,0.76425,0.04455,17.15519,0.7643,0.04994,15.30336,0.7605,0.04631,16.42212,0.76725,0.04184,18.3388,0.7614,0.04673,16.29269,0.74741,0.0704,10.61715,0.72226,0.10921,6.61356,0.72923,0.07404,9.84944,0.75498,0.06251,12.07857,0.72433,0.03107,23.31281,0.73703,0.0283,26.04395,0.79037,0.09008,8.77391,0.84629,0.0626,13.51973,0.81476,0.06513,12.50927
5s_0.5,XGBoost,0.75114,0.0919,8.17337,0.74412,0.08975,8.29066,0.76236,0.09514,8.01275,0.7427,0.08339,8.9066,0.74997,0.09226,8.1288,0.76508,0.08976,8.52366,0.75114,0.0919,8.17337,0.74105,0.13227,5.60259,0.63674,0.10842,5.87293,0.67745,0.09864,6.86765,0.73539,0.09535,7.71265,0.78376,0.12469,6.28578,0.75293,0.09199,8.18468,0.81064,0.14681,5.52154,0.80761,0.11515,7.01331,0.80199,0.10894,7.362
3s_no,Random Forest,0.75041,0.03309,22.67925,0.74747,0.03465,21.57112,0.75334,0.03385,22.25512,0.74701,0.03488,21.41883,0.74928,0.03241,23.12158,0.75333,0.03057,24.64337,0.75041,0.03309,22.67925,0.75057,0.06601,11.36998,0.67895,0.09544,7.11359,0.70974,0.06993,10.14885,0.72646,0.05451,13.32828,0.75655,0.06013,12.58245,0.74,0.04937,14.98937,0.78299,0.07059,11.09226,0.80552,0.06247,12.89521,0.79267,0.05778,13.71867
5s_0.8,XGBoost,0.74494,0.07852,9.48701,0.73866,0.08547,8.64196,0.75245,0.08606,8.74347,0.74093,0.08545,8.67134,0.74238,0.08039,9.23491,0.75406,0.08225,9.16783,0.74494,0.07852,9.48701,0.75304,0.12763,5.89997,0.68895,0.15384,4.47838,0.70846,0.11389,6.22029,0.74627,0.05265,14.17298,0.7273,0.09084,8.00664,0.7345,0.0658,11.16188,0.75803,0.15069,5.03049,0.80654,0.12962,6.22238,0.77303,0.11159,6.92716
1s_no,Random Forest,0.74305,0.04802,15.47315,0.73888,0.05186,14.24803,0.74679,0.05245,14.23933,0.74085,0.04919,15.06239,0.73963,0.05084,14.54909,0.74697,0.05112,14.61348,0.74305,0.04802,15.47315,0.73028,0.05194,14.05997,0.69189,0.09226,7.49923,0.70895,0.07191,9.85852,0.72518,0.03458,20.96877,0.70732,0.11674,6.05882,0.70953,0.06008,11.80999,0.78492,0.09152,8.57609,0.82335,0.08463,9.7289,0.79815,0.05398,14.78688
5s_0.5,Random Forest,0.74281,0.04797,15.48548,0.7356,0.04531,16.23644,0.74805,0.05474,13.66613,0.73599,0.04228,17.40729,0.74217,0.04939,15.02729,0.75293,0.05148,14.62473,0.74281,0.04797,15.48548,0.72568,0.14174,5.11995,0.64928,0.10606,6.12171,0.67417,0.07405,9.10365,0.73023,0.06481,11.26751,0.76173,0.07042,10.81671,0.74277,0.05331,13.93368,0.78823,0.09601,8.20959,0.79696,0.07726,10.31542,0.78987,0.0737,10.71727
4s_no,XGBoost,0.742,0.05828,12.73129,0.74223,0.06022,12.32444,0.74863,0.0546,13.71214,0.7428,0.06411,11.58644,0.74055,0.05781,12.81105,0.74537,0.05541,13.45134,0.742,0.05828,12.73129,0.78506,0.05463,14.37036,0.70399,0.10661,6.6031,0.73851,0.07095,10.40834,0.71285,0.06584,10.82635,0.7084,0.04271,16.58644,0.70879,0.04354,16.27988,0.74799,0.085,8.79982,0.81602,0.1115,7.31844,0.77939,0.09207,8.46537
2s_0.5,XGBoost,0.74152,0.06848,10.82806,0.73799,0.06836,10.79612,0.75478,0.07328,10.30046,0.74299,0.06803,10.92187,0.73827,0.07049,10.474,0.75589,0.07284,10.3768,0.74152,0.06848,10.82806,0.74825,0.11838,6.32065,0.69048,0.15437,4.47303,0.70234,0.08946,7.85092,0.73292,0.09216,7.95312,0.70875,0.12619,5.6165,0.71145,0.07225,9.84678,0.78316,0.10455,7.49101,0.82973,0.07402,11.21004,0.80016,0.0639,12.52241
1s_0.5,XGBoost,0.74065,0.04723,15.68161,0.73742,0.04592,16.05733,0.74379,0.03653,20.36097,0.74525,0.05314,14.02444,0.73775,0.05025,14.68131,0.74832,0.04971,15.05297,0.74065,0.04723,15.68161,0.72989,0.06349,11.49638,0.72292,0.11766,6.14406,0.71562,0.04478,15.98039,0.73547,0.06884,10.6843,0.66117,0.08378,7.89212,0.69313,0.06419,10.79877,0.766,0.10011,7.65157,0.85165,0.06384,13.34099,0.80352,0.07075,11.35689
2s_no,XGBoost,0.7406,0.06872,10.77688,0.73937,0.06891,10.73,0.74491,0.07003,10.63642,0.73882,0.06635,11.13459,0.73971,0.0691,10.7046,0.74326,0.06769,10.98006,0.7406,0.06872,10.77688,0.74438,0.0904,8.23407,0.69429,0.09946,6.9807,0.71415,0.0798,8.94962,0.71089,0.05052,14.07149,0.7126,0.06951,10.25134,0.71152,0.05956,11.94601,0.77946,0.09367,8.32093,0.80957,0.07461,10.85127,0.79245,0.07838,10.11056
5s_no,Random Forest,0.73982,0.05935,12.4646,0.73161,0.06255,11.69567,0.75133,0.06657,11.2857,0.72697,0.06031,12.05482,0.73636,0.05994,12.28483,0.74661,0.06175,12.09022,0.73982,0.05935,12.4646,0.74905,0.09597,7.80513,0.62363,0.1438,4.33666,0.67343,0.11432,5.8905,0.69639,0.05385,12.933,0.78638,0.08719,9.01944,0.73552,0.05386,13.65648,0.80855,0.09697,8.33846,0.77089,0.1044,7.38392,0.78587,0.08776,8.95477
2s_no,Random Forest,0.73883,0.05615,13.15898,0.73503,0.05895,12.46886,0.74896,0.05235,14.30553,0.7329,0.05723,12.8055,0.7371,0.0585,12.60112,0.74654,0.05219,14.30313,0.73883,0.05615,13.15898,0.75949,0.08078,9.40205,0.66194,0.12091,5.47461,0.69856,0.07864,8.8828,0.68664,0.05099,13.46637,0.75206,0.09401,8.00018,0.71522,0.06053,11.81562,0.80075,0.10184,7.86305,0.78469,0.07796,10.0653,0.79131,0.08372,9.4517
1s_0.8,XGBoost,0.73859,0.04476,16.50173,0.73309,0.04791,15.30177,0.74443,0.03312,22.47578,0.7407,0.05076,14.59206,0.73404,0.04887,15.01974,0.74747,0.03926,19.03802,0.73859,0.04476,16.50173,0.75641,0.08542,8.85561,0.71392,0.14537,4.911,0.7161,0.06434,11.12945,0.72224,0.06166,11.71292,0.67719,0.11353,5.9649,0.69508,0.08025,8.66111,0.75465,0.08043,9.38216,0.83101,0.05066,16.40267,0.7881,0.05018,15.70467
1s_no,XGBoost,0.7375,0.06691,11.02202,0.73347,0.07095,10.33714,0.73803,0.07041,10.48206,0.73643,0.06967,10.57014,0.73394,0.0696,10.54454,0.73844,0.07066,10.45028,0.7375,0.06691,11.02202,0.71936,0.06236,11.53496,0.6946,0.11458,6.06222,0.70513,0.08944,7.88427,0.71085,0.04617,15.39639,0.68458,0.12254,5.58641,0.69406,0.08325,8.33723,0.78388,0.10715,7.31596,0.83012,0.07608,10.91049,0.8012,0.06526,12.27748
2s_0.8,XGBoost,0.73742,0.0728,10.12955,0.73377,0.07453,9.84531,0.73765,0.06621,11.1415,0.7416,0.07739,9.582,0.73237,0.07555,9.6938,0.73884,0.07261,10.17615,0.73742,0.0728,10.12955,0.74029,0.02938,25.19869,0.71877,0.14018,5.12729,0.72332,0.08167,8.8563,0.73471,0.09468,7.75966,0.66594,0.11533,5.77401,0.6961,0.10278,6.77299,0.73797,0.08342,8.84592,0.84009,0.12119,6.9318,0.78188,0.08342,9.37328
2s_0.5,Random Forest,0.73707,0.05114,14.41189,0.7321,0.05261,13.91581,0.74881,0.05438,13.76956,0.73469,0.05433,13.52293,0.73381,0.05256,13.96116,0.74812,0.05371,13.9282,0.73707,0.05114,14.41189,0.74396,0.10745,6.92392,0.66267,0.15731,4.21258,0.68352,0.09537,7.16676,0.71526,0.06684,10.70052,0.72773,0.0929,7.83391,0.71569,0.04758,15.04255,0.78721,0.08287,9.49927,0.81366,0.05613,14.49685,0.7971,0.04995,15.95748
3s_0.5,XGBoost,0.73424,0.07602,9.65822,0.72848,0.07709,9.4502,0.73887,0.08347,8.85157,0.72918,0.07197,10.13127,0.73209,0.07591,9.64416,0.7408,0.07579,9.77457,0.73424,0.07602,9.65822,0.72249,0.13716,5.2677,0.65374,0.09225,7.08691,0.68281,0.101,6.76027,0.72521,0.0303,23.93204,0.69519,0.09922,7.00655,0.70691,0.05823,12.13929,0.76892,0.11688,6.57857,0.83862,0.09803,8.5545,0.79571,0.08139,9.7765
1s_0.5,Random Forest,0.73358,0.05556,13.20397,0.72754,0.0556,13.08547,0.73502,0.04907,14.9804,0.73534,0.05832,12.60986,0.73026,0.05933,12.30864,0.7415,0.05751,12.89326,0.73358,0.05556,13.20397,0.70741,0.07867,8.99156,0.6973,0.12224,5.70416,0.6897,0.04696,14.68621,0.72871,0.06406,11.37581,0.67073,0.10881,6.16437,0.69457,0.07702,9.01862,0.76895,0.11051,6.95826,0.83801,0.0715,11.71981,0.79836,0.07643,10.44543
1s_0.8,Random Forest,0.73222,0.04593,15.94149,0.72323,0.04836,14.95445,0.73689,0.03965,18.58257,0.73315,0.05161,14.20639,0.72665,0.05183,14.02033,0.74402,0.04843,15.36334,0.73222,0.04593,15.94149,0.71353,0.10193,7.00026,0.70823,0.13788,5.13663,0.69165,0.04887,14.1533,0.73468,0.06079,12.08505,0.67066,0.15008,4.46864,0.69463,0.10594,6.55671,0.76246,0.09614,7.93041,0.82056,0.07403,11.08356,0.7834,0.04475,17.50511
5s_0.8,Random Forest,0.73176,0.04368,16.75374,0.71797,0.05346,13.4305,0.74116,0.06158,12.03495,0.72239,0.05522,13.08135,0.72475,0.0464,15.62,0.74304,0.05659,13.12968,0.73176,0.04368,16.75374,0.72606,0.12617,5.75475,0.63669,0.16797,3.79045,0.66227,0.10584,6.25705,0.72982,0.04543,16.06608,0.73471,0.09978,7.36319,0.72783,0.05289,13.76139,0.7676,0.12176,6.3044,0.79576,0.16958,4.69259,0.76381,0.08684,8.7952
4s_no,Random Forest,0.73073,0.02761,26.46234,0.72287,0.0312,23.1693,0.73303,0.0259,28.30166,0.72288,0.03323,21.75121,0.72694,0.03,24.22881,0.73235,0.02813,26.03367,0.73073,0.02761,26.46234,0.72865,0.06047,12.04978,0.62717,0.08921,7.03031,0.66897,0.05274,12.68419,0.69753,0.04034,17.29113,0.73406,0.07388,9.93546,0.71237,0.03561,20.00308,0.77293,0.07015,11.01854,0.8074,0.13823,5.84093,0.78726,0.09994,7.87718
3s_0.5,Random Forest,0.72961,0.06057,12.04518,0.71884,0.06062,11.85804,0.73832,0.07245,10.19132,0.71376,0.05797,12.31332,0.7272,0.05884,12.35892,0.73785,0.06487,11.37417,0.72961,0.06057,12.04518,0.72354,0.14119,5.12472,0.59713,0.05795,10.30371,0.64837,0.07458,8.69318,0.7005,0.019,36.87769,0.74359,0.06213,11.96824,0.72033,0.03291,21.88788,0.7909,0.09908,7.98283,0.80056,0.13753,5.82092,0.78783,0.0862,9.13936
4s_0.8,XGBoost,0.72947,0.07953,9.17244,0.71756,0.07956,9.01904,0.74307,0.09241,8.0413,0.71952,0.079,9.10791,0.72474,0.07878,9.19914,0.74423,0.08406,8.85373,0.72947,0.07953,9.17244,0.72148,0.15172,4.75528,0.60674,0.15564,3.89825,0.64281,0.10529,6.10519,0.73042,0.07121,10.25784,0.71091,0.11898,5.97477,0.7115,0.05782,12.30604,0.7773,0.12921,6.01574,0.84092,0.13119,6.40989,0.79837,0.0935,8.53908
4s_0.5,Random Forest,0.72661,0.04362,16.6571,0.71168,0.0591,12.04184,0.73528,0.0491,14.97642,0.71564,0.05595,12.78986,0.71893,0.04994,14.39473,0.73428,0.04421,16.61001,0.72661,0.04362,16.6571,0.74088,0.09983,7.42108,0.6179,0.19184,3.22081,0.64931,0.13736,4.72702,0.69689,0.04386,15.88792,0.74653,0.09074,8.22683,0.71603,0.04094,17.48982,0.76807,0.08597,8.93408,0.78249,0.1492,5.24444,0.76971,0.10066,7.64638
2s_0.8,Random Forest,0.72583,0.06672,10.87894,0.71912,0.07044,10.20851,0.72349,0.06182,11.70271,0.72752,0.06988,10.41154,0.7196,0.07129,10.09417,0.72681,0.06617,10.98428,0.72583,0.06672,10.87894,0.69929,0.04427,15.79427,0.68821,0.12593,5.46487,0.68945,0.08301,8.30612,0.72827,0.08157,8.92834,0.67421,0.1412,4.7748,0.69293,0.10448,6.63243,0.74292,0.07216,10.29495,0.82013,0.13299,6.16694,0.77497,0.08365,9.26477
3s_0.8,XGBoost,0.72419,0.06826,10.60949,0.71595,0.07815,9.16176,0.72728,0.07707,9.43671,0.72307,0.07542,9.58715,0.71754,0.07334,9.7839,0.73061,0.07449,9.80757,0.72419,0.06826,10.60949,0.7074,0.08,8.84274,0.66727,0.15821,4.21758,0.68357,0.12212,5.59769,0.72694,0.07782,9.34181,0.6659,0.14422,4.61734,0.68816,0.09412,7.31143,0.7475,0.12201,6.12632,0.83605,0.12288,6.80402,0.77612,0.06632,11.70337
4s_0.8,Random Forest,0.72074,0.07176,10.04346,0.70247,0.07291,9.63453,0.7308,0.08682,8.41707,0.70266,0.06895,10.19089,0.71407,0.07206,9.90987,0.72979,0.0798,9.14483,0.72074,0.07176,10.04346,0.70956,0.13539,5.24078,0.55832,0.1747,3.19593,0.60339,0.11857,5.08907,0.69477,0.04349,15.97491,0.74629,0.11872,6.286,0.71448,0.05955,11.99836,0.78807,0.11169,7.05589,0.80337,0.12713,6.31932,0.78955,0.09073,8.70219
3s_0.8,Random Forest,0.71883,0.06508,11.04539,0.70758,0.07927,8.92627,0.72157,0.08387,8.60305,0.71391,0.07399,9.64928,0.71089,0.07134,9.96444,0.72558,0.07534,9.63078,0.71883,0.06508,11.04539,0.69181,0.13047,5.30255,0.64673,0.16021,4.03673,0.66635,0.14336,4.64799,0.72085,0.06,12.01496,0.68561,0.15795,4.34071,0.69161,0.08734,7.91824,0.75204,0.11353,6.62419,0.80939,0.15721,5.14838,0.76477,0.07701,9.93049
4s_0.5,XGBoost,0.71695,0.05329,13.45303,0.71125,0.0571,12.45593,0.72753,0.06214,11.7083,0.71442,0.05368,13.30941,0.71406,0.05421,13.17095,0.72724,0.05359,13.56981,0.71695,0.05329,13.45303,0.72546,0.13585,5.3403,0.64998,0.13641,4.76482,0.66683,0.08645,7.71359,0.69836,0.02616,26.69855,0.68371,0.08121,8.41856,0.6887,0.04949,13.91475,0.75877,0.10318,7.35419,0.80956,0.09698,8.34803,0.77822,0.07488,10.39229
1s_0.5,Decision Tree,0.69058,0.04479,15.41663,0.68519,0.04755,14.40935,0.69506,0.0302,23.01685,0.69687,0.0527,13.22431,0.68666,0.04856,14.13972,0.70159,0.04017,17.46718,0.69058,0.04479,15.41663,0.66737,0.08239,8.09984,0.6682,0.16979,3.93547,0.64292,0.07004,9.17965,0.66776,0.06636,10.06286,0.62538,0.06117,10.22302,0.6421,0.03963,16.20302,0.75005,0.08821,8.50289,0.79704,0.07074,11.2672,0.77055,0.06879,11.20123
1s_0.8,Decision Tree,0.68222,0.06859,9.94581,0.67718,0.0713,9.49817,0.67998,0.06583,10.32949,0.6832,0.06999,9.76165,0.67919,0.07194,9.4416,0.68464,0.0678,10.09727,0.68222,0.06859,9.94581,0.65228,0.06869,9.49666,0.66347,0.13696,4.84436,0.65123,0.09193,7.0843,0.65166,0.08651,7.53263,0.6179,0.11801,5.23611,0.63333,0.10217,6.19851,0.73599,0.08026,9.16996,0.76823,0.04953,15.50939,0.74699,0.03868,19.31217
3s_0.8,Decision Tree,0.661,0.04819,13.7162,0.64552,0.05785,11.15885,0.65282,0.04964,13.15215,0.65354,0.0561,11.65045,0.65569,0.05685,11.53457,0.66556,0.05476,12.15423,0.661,0.04819,13.7162,0.58539,0.06734,8.69287,0.57671,0.11877,4.85552,0.57292,0.07648,7.49066,0.69319,0.07314,9.47729,0.63684,0.13401,4.7522,0.65966,0.10118,6.51959,0.67989,0.09757,6.96802,0.74708,0.13735,5.43934,0.70397,0.08506,8.2759
1s_no,Decision Tree,0.64932,0.05297,12.25773,0.64651,0.05342,12.10172,0.64653,0.05359,12.06326,0.65194,0.05477,11.90259,0.64947,0.05274,12.31381,0.65424,0.0543,12.04794,0.64932,0.05297,12.25773,0.5782,0.06941,8.32988,0.65612,0.08971,7.31388,0.61266,0.07068,8.66845,0.63349,0.05783,10.95461,0.61468,0.0661,9.29944,0.62365,0.06073,10.26924,0.72789,0.0535,13.60482,0.68502,0.07965,8.60056,0.7032,0.05393,13.03843
2s_0.5,Decision Tree,0.64795,0.05673,11.42192,0.64016,0.05519,11.59936,0.65416,0.06079,10.76176,0.64378,0.04922,13.08023,0.64437,0.05801,11.10882,0.65712,0.05843,11.24617,0.64795,0.05673,11.42192,0.62151,0.12062,5.15276,0.56485,0.09038,6.24966,0.57996,0.06093,9.5191,0.62901,0.06193,10.15629,0.62452,0.09169,6.81136,0.62376,0.06442,9.68251,0.71197,0.07289,9.76719,0.74198,0.13703,5.41456,0.71676,0.07562,9.47874
3s_no,Decision Tree,0.6467,0.1011,6.39673,0.64118,0.10287,6.23273,0.65202,0.09602,6.7905,0.64507,0.10153,6.35368,0.64322,0.10295,6.24811,0.65406,0.0952,6.87066,0.6467,0.1011,6.39673,0.6346,0.12067,5.25917,0.60689,0.13508,4.49265,0.61268,0.108,5.67319,0.63501,0.10626,5.97607,0.64938,0.05336,12.16969,0.63678,0.0669,9.51862,0.68645,0.08836,7.76897,0.67893,0.19983,3.3976,0.67406,0.14719,4.57952
4s_no,Decision Tree,0.6444,0.0712,9.05078,0.63664,0.07463,8.5309,0.64844,0.07406,8.75598,0.63977,0.0756,8.46288,0.64012,0.07287,8.78442,0.64983,0.07429,8.74669,0.6444,0.0712,9.05078,0.6535,0.10493,6.2281,0.5787,0.09757,5.93086,0.60545,0.07501,8.07198,0.64092,0.07399,8.66247,0.63015,0.09239,6.82066,0.62749,0.05612,11.18112,0.65092,0.13063,4.98305,0.71048,0.18922,3.75477,0.67697,0.15822,4.27874
3s_0.5,Decision Tree,0.64158,0.0723,8.87403,0.63506,0.07706,8.24162,0.64553,0.08203,7.86932,0.63914,0.07755,8.24202,0.64258,0.0726,8.85041,0.65622,0.07801,8.41223,0.64158,0.0723,8.87403,0.58442,0.15536,3.76185,0.59853,0.14769,4.05252,0.58007,0.12636,4.59075,0.64825,0.06555,9.88942,0.61404,0.08051,7.62728,0.62846,0.06568,9.56835,0.70391,0.14226,4.94809,0.70485,0.08696,8.10558,0.69665,0.08619,8.08296
2s_0.8,Decision Tree,0.63946,0.04397,14.54259,0.63403,0.04259,14.88725,0.64344,0.04222,15.23876,0.64073,0.0403,15.89833,0.63666,0.04153,15.33002,0.6493,0.03694,17.578,0.63946,0.04397,14.54259,0.59908,0.1044,5.73852,0.6289,0.08451,7.44153,0.6037,0.06709,8.99844,0.64511,0.04061,15.8846,0.58586,0.10792,5.42886,0.60824,0.06283,9.68061,0.68614,0.04586,14.96011,0.70743,0.11563,6.11826,0.69014,0.0455,15.16722
5s_no,Decision Tree,0.63893,0.05191,12.30862,0.63661,0.05479,11.61952,0.63859,0.05887,10.84716,0.64282,0.05011,12.82729,0.63545,0.05295,12.00181,0.64023,0.05299,12.08272,0.63893,0.05191,12.30862,0.61499,0.10974,5.60417,0.59827,0.06095,9.8154,0.6039,0.07758,7.78388,0.63292,0.05952,10.63377,0.55939,0.0826,6.77196,0.59264,0.0683,8.67721,0.66787,0.04253,15.70328,0.77079,0.0766,10.06216,0.71329,0.04336,16.45013
2s_no,Decision Tree,0.63605,0.03488,18.23442,0.63754,0.03693,17.26554,0.64682,0.03337,19.38525,0.64326,0.03303,19.47296,0.63556,0.03514,18.08797,0.64871,0.02751,23.57727,0.63605,0.03488,18.23442,0.61818,0.10792,5.72789,0.65426,0.114,5.73905,0.62156,0.07203,8.62974,0.61575,0.03626,16.98178,0.60998,0.092,6.63004,0.60647,0.02978,20.36289,0.70651,0.03747,18.85613,0.66553,0.04534,14.68021,0.68459,0.03456,19.80839
4s_0.8,Decision Tree,0.62601,0.07897,7.92731,0.61431,0.07591,8.09264,0.62991,0.08342,7.55067,0.61994,0.07697,8.05431,0.62077,0.07838,7.91973,0.63435,0.08047,7.88315,0.62601,0.07897,7.92731,0.59957,0.12708,4.71792,0.53631,0.11051,4.85324,0.55062,0.06278,8.77117,0.62759,0.08232,7.62378,0.6023,0.10035,6.00194,0.60713,0.07139,8.50404,0.66256,0.09296,7.12752,0.72122,0.17738,4.06606,0.68517,0.11912,5.75207
4s_0.5,Decision Tree,0.61351,0.04528,13.54893,0.60715,0.05039,12.04888,0.62222,0.04932,12.61512,0.61873,0.04899,12.62878,0.60871,0.04809,12.6575,0.62968,0.04549,13.84311,0.61351,0.04528,13.54893,0.59123,0.09767,6.05367,0.63056,0.1328,4.74834,0.59219,0.06272,9.44178,0.62625,0.06294,9.94927,0.63745,0.15605,4.08502,0.61691,0.06962,8.8608,0.64919,0.09806,6.62016,0.58818,0.10991,5.35142,0.61234,0.08811,6.94942
5s_0.8,Decision Tree,0.61135,0.06605,9.25551,0.60161,0.06761,8.89818,0.61118,0.06182,9.88717,0.61368,0.07403,8.28947,0.60632,0.06465,9.37779,0.62166,0.06264,9.92428,0.61135,0.06605,9.25551,0.54906,0.11301,4.85849,0.59945,0.13913,4.30872,0.56253,0.094,5.98461,0.62283,0.06459,9.64283,0.55129,0.1144,4.81876,0.57918,0.08275,6.99877,0.66166,0.11216,5.89916,0.6903,0.16503,4.18276,0.66313,0.11,6.02857
5s_0.5,Decision Tree,0.5789,0.06562,8.82204,0.57755,0.06736,8.57457,0.5941,0.06887,8.62651,0.58749,0.07547,7.78464,0.57555,0.06649,8.65569,0.5972,0.0708,8.43465,0.5789,0.06562,8.82204,0.59142,0.17138,3.45086,0.57048,0.15012,3.80022,0.55967,0.10077,5.55375,0.57248,0.12008,4.7675,0.52807,0.1179,4.47885,0.538,0.08508,6.32371,0.6184,0.05272,11.7303,0.66391,0.13475,4.92707,0.63497,0.08296,7.65369
