experiment_id,label,prediction
1,non-void,non-void
1,non-void,non-void
1,non-void,non-void
1,non-void,non-void
1,void,void
1,void,void
1,void,void
1,void,void
1,void,void
1,void,void
1,non-void,non-void
1,non-void,non-void
2,non-void,non-void
2,non-void,non-void
2,void,void
2,void,void
2,void,void
2,non-void,non-void
2,non-void,non-void
2,non-void,non-void
2,non-void,non-void
3,non-void,non-void
3,non-void,non-void
3,non-void,non-void
3,void,void
3,void,void
3,void,void
3,void,void
3,non-void,non-void
3,non-void,non-void
3,non-void,non-void
3,non-void,non-void
3,non-void,non-void
3,non-void,non-void
3,non-void,non-void
3,non-void,non-void
4,non-void,non-void
4,void,void
4,void,void
4,void,void
4,void,void
4,void,void
4,void,void
4,void,void
4,non-void,non-void
4,non-void,non-void
4,non-void,non-void
4,non-void,non-void
4,non-void,non-void
4,non-void,non-void
5,non-void,non-void
5,void,non-void
5,void,void
5,void,non-void
5,void,void
5,void,void
5,non-void,void
5,non-void,non-void
6,non-void,non-void
6,non-void,non-void
6,void,void
6,void,void
6,void,void
6,void,void
6,void,void
6,void,void
6,non-void,non-void
6,non-void,non-void
6,non-void,non-void
6,non-void,non-void
6,non-void,non-void
6,non-void,non-void
6,non-void,non-void
6,non-void,non-void
6,non-void,non-void
6,non-void,void
7,non-void,non-void
7,void,void
7,void,void
7,void,void
7,void,void
7,void,void
7,non-void,non-void
7,non-void,non-void
7,non-void,non-void
7,non-void,non-void
7,non-void,non-void
8,non-void,non-void
8,non-void,non-void
8,non-void,non-void
8,non-void,non-void
8,non-void,void
8,void,void
8,void,void
8,void,void
8,void,void
8,void,void
9,non-void,non-void
9,non-void,non-void
9,non-void,void
9,void,void
9,void,void
9,void,void
9,void,non-void
9,void,void
9,void,void
9,void,void
9,void,void
9,void,void
9,void,void
9,void,non-void
9,non-void,non-void
9,non-void,void
9,non-void,non-void
9,non-void,non-void
9,non-void,void
10,non-void,non-void
10,non-void,non-void
10,non-void,non-void
10,void,void
10,void,void
10,void,void
10,void,void
10,void,void
10,void,void
10,void,void
10,void,void
10,non-void,non-void
10,non-void,non-void
10,non-void,non-void
10,non-void,non-void
10,non-void,non-void
11,non-void,non-void
11,non-void,non-void
11,non-void,non-void
11,void,void
11,void,void
11,void,void
11,void,void
11,void,void
11,void,void
11,void,void
11,non-void,non-void
11,non-void,non-void
11,non-void,non-void
11,non-void,non-void
11,non-void,non-void
11,non-void,non-void
11,non-void,non-void
11,non-void,non-void
11,non-void,non-void
11,non-void,non-void
11,non-void,non-void
11,non-void,non-void
11,non-void,non-void
12,non-void,non-void
12,void,non-void
12,void,void
12,void,void
12,void,void
12,void,void
12,void,void
12,void,void
12,void,void
12,non-void,non-void
12,non-void,non-void
12,non-void,non-void
12,non-void,non-void
12,non-void,non-void
12,non-void,non-void
12,non-void,non-void
12,non-void,non-void
12,non-void,non-void
12,non-void,non-void
12,non-void,non-void
13,non-void,non-void
13,non-void,non-void
13,non-void,non-void
13,non-void,non-void
13,void,void
13,void,void
13,void,void
13,void,void
13,void,void
13,non-void,non-void
13,non-void,non-void
13,non-void,non-void
14,non-void,non-void
14,non-void,non-void
14,void,non-void
14,void,non-void
14,void,void
14,void,void
14,void,non-void
14,void,non-void
14,void,non-void
14,void,void
14,non-void,non-void
14,non-void,non-void
14,non-void,non-void
14,non-void,non-void
14,non-void,non-void
15,void,void
15,void,void
15,void,void
15,void,void
15,void,void
15,void,void
15,void,void
16,non-void,non-void
16,non-void,non-void
16,void,void
16,void,void
16,void,void
16,void,void
16,void,void
16,void,void
16,non-void,non-void
17,non-void,non-void
17,non-void,non-void
17,void,void
17,void,void
17,void,void
17,void,void
17,void,void
17,non-void,non-void
17,non-void,non-void
17,non-void,non-void
18,non-void,non-void
18,non-void,non-void
18,non-void,non-void
18,non-void,non-void
18,non-void,non-void
18,non-void,non-void
18,non-void,non-void
18,non-void,non-void
18,non-void,non-void
18,non-void,non-void
18,non-void,non-void
18,non-void,non-void
18,non-void,non-void
18,non-void,non-void
18,non-void,non-void
18,void,void
18,void,void
18,void,void
18,void,void
18,void,void
18,non-void,void
18,non-void,void
18,non-void,non-void
19,non-void,non-void
19,non-void,non-void
19,void,void
19,void,void
19,non-void,non-void
19,non-void,non-void
19,non-void,non-void
19,non-void,non-void
20,non-void,non-void
20,non-void,void
20,void,void
20,void,void
20,void,non-void
20,void,non-void
20,non-void,void
20,non-void,void
21,non-void,non-void
21,non-void,non-void
21,non-void,non-void
21,non-void,void
21,void,void
21,void,void
21,void,void
21,non-void,non-void
21,non-void,non-void
22,non-void,non-void
22,non-void,non-void
22,non-void,non-void
22,non-void,non-void
22,non-void,non-void
22,non-void,non-void
22,non-void,non-void
22,void,void
22,void,void
22,void,void
22,non-void,non-void
22,non-void,non-void
22,non-void,non-void
22,non-void,non-void
22,non-void,non-void
22,non-void,non-void
22,non-void,non-void
22,non-void,non-void
22,non-void,non-void
22,non-void,non-void
23,non-void,non-void
23,non-void,non-void
23,non-void,non-void
23,void,void
23,void,void
23,void,void
23,void,void
23,void,void
23,void,void
23,void,void
23,void,void
23,non-void,non-void
24,non-void,non-void
24,non-void,non-void
24,non-void,non-void
24,non-void,non-void
24,non-void,non-void
24,void,void
24,void,void
24,void,void
24,void,void
24,void,void
24,non-void,non-void
24,non-void,non-void
24,non-void,non-void
24,non-void,non-void
24,non-void,non-void
25,non-void,non-void
25,non-void,non-void
25,non-void,non-void
25,non-void,non-void
25,non-void,void
25,non-void,non-void
25,void,non-void
25,void,non-void
25,void,non-void
25,void,non-void
25,void,non-void
25,void,non-void
25,void,non-void
25,void,non-void
25,void,non-void
25,non-void,non-void
25,non-void,non-void
25,non-void,non-void
25,non-void,non-void
25,non-void,non-void
26,non-void,void
26,non-void,non-void
26,non-void,non-void
26,non-void,non-void
26,non-void,non-void
26,void,non-void
26,void,non-void
26,non-void,void
26,non-void,void
26,non-void,void
26,non-void,non-void
26,non-void,non-void
26,non-void,non-void
26,non-void,non-void
26,non-void,non-void
26,non-void,non-void
27,non-void,non-void
27,non-void,non-void
27,non-void,non-void
27,non-void,non-void
27,non-void,non-void
27,non-void,non-void
27,non-void,non-void
27,non-void,non-void
27,non-void,non-void
27,void,void
27,void,void
27,void,void
27,void,void
27,void,void
27,void,void
27,void,void
27,non-void,non-void
27,non-void,non-void
27,non-void,non-void
27,non-void,non-void
27,non-void,non-void
27,non-void,non-void
27,non-void,non-void
27,non-void,non-void
27,non-void,non-void
27,non-void,non-void
27,non-void,non-void
27,non-void,non-void
27,non-void,non-void
27,non-void,non-void
27,non-void,non-void
27,non-void,non-void
27,non-void,non-void
28,non-void,non-void
28,non-void,non-void
28,void,void
28,void,void
28,void,void
28,void,void
28,void,void
28,void,void
28,void,void
28,non-void,non-void
28,non-void,non-void
29,non-void,non-void
29,non-void,non-void
29,non-void,non-void
29,void,void
29,void,void
29,void,void
29,void,void
29,void,void
29,non-void,non-void
30,non-void,non-void
30,non-void,void
30,non-void,void
30,void,non-void
30,void,non-void
30,void,void
30,void,non-void
30,void,void
30,void,non-void
30,void,non-void
30,void,void
30,void,void
31,non-void,non-void
31,non-void,non-void
31,non-void,non-void
31,non-void,non-void
31,non-void,non-void
31,void,void
31,void,void
31,void,void
31,void,void
31,non-void,non-void
31,non-void,non-void
31,non-void,non-void
32,non-void,non-void
32,non-void,non-void
32,non-void,non-void
32,non-void,non-void
32,void,void
32,void,void
32,non-void,non-void
33,non-void,non-void
33,non-void,non-void
33,non-void,non-void
33,void,void
33,void,void
33,void,void
33,void,void
33,non-void,non-void
33,non-void,non-void
33,non-void,non-void
33,non-void,non-void
34,non-void,non-void
34,non-void,non-void
34,non-void,non-void
34,non-void,non-void
34,non-void,non-void
34,non-void,non-void
34,void,void
34,void,void
34,non-void,non-void
35,non-void,non-void
35,void,void
35,void,void
35,void,void
35,void,void
35,void,void
35,void,void
35,void,void
35,void,void
35,void,void
35,void,void
35,void,void
35,void,void
35,void,void
35,non-void,non-void
36,non-void,non-void
36,non-void,non-void
36,non-void,non-void
36,non-void,non-void
36,void,void
36,void,void
36,void,void
36,void,void
36,void,void
36,void,void
36,non-void,non-void
36,non-void,non-void
36,non-void,non-void
36,non-void,non-void
37,non-void,non-void
37,void,void
37,void,void
37,void,void
37,void,void
37,void,void
37,void,void
37,void,void
37,void,void
37,non-void,non-void
37,non-void,non-void
37,non-void,non-void
37,non-void,non-void
37,non-void,non-void
37,non-void,non-void
37,non-void,non-void
38,non-void,non-void
38,non-void,non-void
38,void,void
38,void,void
38,void,void
38,void,void
38,void,void
38,void,void
38,non-void,void
38,non-void,non-void
39,non-void,non-void
39,void,void
39,void,void
39,void,void
39,void,void
39,void,void
39,void,void
39,void,void
39,non-void,non-void
40,non-void,non-void
40,non-void,non-void
40,non-void,non-void
40,non-void,void
40,non-void,non-void
40,non-void,non-void
40,non-void,non-void
40,non-void,non-void
40,void,void
40,void,non-void
40,void,void
40,void,non-void
40,void,non-void
40,void,non-void
40,non-void,non-void
40,non-void,non-void
40,non-void,non-void
40,non-void,void
40,non-void,non-void
40,non-void,non-void
40,non-void,non-void
40,non-void,non-void
40,non-void,non-void
40,non-void,non-void
40,non-void,non-void
40,non-void,non-void
40,non-void,non-void
40,non-void,non-void
40,non-void,non-void
40,non-void,non-void
40,non-void,non-void
40,non-void,non-void
40,non-void,non-void
40,non-void,non-void
40,non-void,non-void
40,non-void,non-void
40,non-void,non-void
40,non-void,non-void
40,non-void,non-void
40,non-void,non-void
40,non-void,non-void
40,non-void,non-void
40,non-void,non-void
40,non-void,non-void
40,non-void,non-void
40,non-void,non-void
40,non-void,non-void
40,non-void,non-void
41,non-void,non-void
41,void,non-void
41,void,non-void
41,void,non-void
41,void,non-void
41,void,non-void
41,void,void
41,non-void,non-void
41,non-void,non-void
41,non-void,void
