exp_id,three_class_label,two_class_label,two_class_pred,two_class_pred_num,two_class_pred_prob,three_class_pred
5,post-void,non-void,non-void,0,0.04814027,pre-void
5,post-void,non-void,void,1,0.56118816,pre-void
5,post-void,non-void,non-void,0,0.17752415,pre-void
5,post-void,void,non-void,0,0.296419,pre-void
5,post-void,void,non-void,0,0.42832306,pre-void
5,post-void,void,non-void,0,0.22350846,pre-void
5,post-void,void,void,1,0.5968075,pre-void
5,post-void,void,void,1,0.58989745,pre-void
5,post-void,void,non-void,0,0.124073185,pre-void
5,post-void,void,non-void,0,0.2675687,pre-void
5,post-void,void,non-void,0,0.063829474,pre-void
5,post-void,void,non-void,0,0.26552117,pre-void
5,post-void,void,non-void,0,0.32343525,pre-void
5,post-void,void,void,1,0.78767216,void
5,post-void,void,non-void,0,0.4241371,void
5,post-void,void,void,1,0.7482831,void
5,post-void,void,void,1,0.693627,void
5,post-void,void,void,1,0.82450014,void
5,post-void,void,void,1,0.5520288,void
5,post-void,void,void,1,0.65882874,void
5,pre-void,void,non-void,0,0.16937178,void
5,pre-void,void,void,1,0.6032117,void
5,pre-void,void,void,1,0.52730006,void
5,pre-void,non-void,void,1,0.71351904,void
5,pre-void,non-void,void,1,0.58183193,void
5,pre-void,non-void,non-void,0,0.39934427,void
5,pre-void,non-void,non-void,0,0.25388086,void
5,pre-void,non-void,non-void,0,0.15261507,void
5,pre-void,non-void,non-void,0,0.14014608,void
5,pre-void,non-void,non-void,0,0.08618206,void
5,pre-void,non-void,non-void,0,0.14951678,void
5,pre-void,non-void,non-void,0,0.049719404,void
9,pre-void,non-void,non-void,0,0.062335204,pre-void
9,pre-void,non-void,non-void,0,0.0362217,pre-void
9,pre-void,non-void,non-void,0,0.033857733,pre-void
9,pre-void,non-void,non-void,0,0.007486166,pre-void
9,pre-void,non-void,non-void,0,0.020795967,pre-void
9,void,non-void,non-void,0,0.41741446,pre-void
9,void,non-void,non-void,0,0.4618981,void
9,void,non-void,void,1,0.5698362,void
9,void,non-void,void,1,0.85924774,void
9,void,void,void,1,0.8596882,void
9,void,void,void,1,0.86504054,void
9,void,void,void,1,0.8599809,void
9,void,void,void,1,0.93419254,void
9,void,void,void,1,0.9281474,void
9,void,void,non-void,0,0.35018492,void
9,void,void,void,1,0.7140763,void
9,void,void,void,1,0.90789866,void
9,void,void,void,1,0.9397137,void
9,void,void,void,1,0.96441835,void
9,void,void,void,1,0.959294,void
9,void,void,void,1,0.9727324,void
9,void,void,void,1,0.9522042,void
9,void,void,void,1,0.94671965,void
9,void,void,void,1,0.90074736,void
9,void,void,void,1,0.8827521,void
9,void,void,void,1,0.9337845,void
9,void,void,void,1,0.83974874,void
9,void,void,void,1,0.947092,void
9,void,void,void,1,0.83358735,void
9,void,void,void,1,0.9263374,void
9,void,void,void,1,0.89840376,void
9,void,void,void,1,0.8763985,void
9,void,void,void,1,0.931178,void
9,void,void,void,1,0.94004446,void
9,void,void,void,1,0.9266307,void
9,void,void,void,1,0.94956607,void
9,void,void,void,1,0.7686592,void
9,void,void,void,1,0.888112,void
9,void,void,void,1,0.8974727,void
9,void,void,void,1,0.8083166,void
9,void,void,void,1,0.95660585,void
9,void,void,void,1,0.9247568,void
9,void,void,void,1,0.90419155,void
9,void,void,void,1,0.9537821,void
9,void,void,void,1,0.9550251,void
9,void,void,void,1,0.95720494,void
9,void,void,void,1,0.86365503,void
9,void,void,void,1,0.92625195,void
9,void,void,void,1,0.9809708,void
9,void,void,void,1,0.9708592,void
9,void,void,void,1,0.9680571,void
9,void,void,void,1,0.75316167,void
9,void,void,void,1,0.6709308,void
9,void,void,void,1,0.8773311,void
9,void,void,void,1,0.9522855,void
9,void,non-void,void,1,0.6961619,void
9,void,non-void,void,1,0.55104446,void
9,void,non-void,non-void,0,0.15622948,void
9,void,non-void,void,1,0.543585,void
9,void,non-void,non-void,0,0.37059945,void
9,void,non-void,void,1,0.797462,void
9,void,non-void,void,1,0.9772026,void
9,void,non-void,void,1,0.960484,void
9,void,non-void,non-void,0,0.48879465,void
9,void,non-void,void,1,0.6193684,void
9,void,non-void,void,1,0.6178183,void
9,void,non-void,non-void,0,0.36380863,void
9,void,non-void,non-void,0,0.4252337,void
9,void,non-void,non-void,0,0.20467526,void
9,void,non-void,non-void,0,0.23818551,void
9,void,non-void,non-void,0,0.06717578,void
9,post-void,non-void,void,1,0.6303589,void
9,post-void,non-void,non-void,0,0.103529535,void
9,post-void,non-void,non-void,0,0.15074185,void
9,post-void,non-void,non-void,0,0.18268639,void
14,post-void,non-void,non-void,0,0.26891464,pre-void
14,post-void,non-void,non-void,0,0.13466342,pre-void
14,post-void,non-void,non-void,0,0.112788275,pre-void
14,post-void,non-void,non-void,0,0.2605988,pre-void
14,post-void,non-void,non-void,0,0.058195136,pre-void
14,post-void,void,non-void,0,0.04426706,pre-void
14,post-void,void,non-void,0,0.09424321,pre-void
14,post-void,void,non-void,0,0.1999463,pre-void
14,post-void,void,non-void,0,0.04335679,pre-void
14,post-void,void,non-void,0,0.025773954,pre-void
14,post-void,void,non-void,0,0.010223635,pre-void
14,post-void,void,non-void,0,0.007619451,pre-void
14,post-void,void,non-void,0,0.009147917,pre-void
14,post-void,void,non-void,0,0.009147917,pre-void
14,post-void,void,non-void,0,0.01694839,pre-void
14,post-void,void,non-void,0,0.46152183,void
14,post-void,void,void,1,0.5087155,void
14,post-void,void,void,1,0.72417426,void
14,post-void,void,void,1,0.65031916,void
14,post-void,void,void,1,0.6674023,void
14,post-void,void,void,1,0.56876504,void
14,post-void,void,void,1,0.84330934,void
14,post-void,void,void,1,0.7676633,void
14,post-void,void,void,1,0.6514632,void
14,post-void,void,void,1,0.7375583,void
14,post-void,void,void,1,0.6206883,void
14,post-void,void,void,1,0.5429799,void
14,post-void,void,non-void,0,0.46707317,void
14,post-void,void,void,1,0.61032444,void
14,post-void,void,non-void,0,0.4690053,void
14,post-void,void,void,1,0.80905396,void
14,post-void,void,void,1,0.8139453,void
14,post-void,void,void,1,0.7066278,void
14,post-void,void,non-void,0,0.43483424,void
14,post-void,void,void,1,0.64883226,void
14,post-void,void,void,1,0.6050438,void
14,post-void,void,void,1,0.5227581,void
14,post-void,void,non-void,0,0.44282287,void
14,post-void,void,non-void,0,0.23615406,void
14,post-void,non-void,non-void,0,0.4259839,void
14,post-void,non-void,non-void,0,0.21112488,void
14,post-void,non-void,void,1,0.5526208,void
14,post-void,non-void,non-void,0,0.11700012,void
14,post-void,non-void,non-void,0,0.17349364,void
14,post-void,non-void,non-void,0,0.13774078,void
14,post-void,non-void,non-void,0,0.4827789,void
14,post-void,non-void,void,1,0.6460488,void
14,post-void,non-void,non-void,0,0.28182644,void
14,post-void,non-void,non-void,0,0.054974068,void
14,post-void,non-void,non-void,0,0.22223833,void
14,post-void,non-void,non-void,0,0.23353195,void
14,post-void,non-void,non-void,0,0.33044288,void
14,post-void,non-void,non-void,0,0.3087277,void
14,post-void,non-void,void,1,0.5513053,void
14,post-void,non-void,void,1,0.69921535,void
14,pre-void,non-void,void,1,0.75060534,void
14,pre-void,non-void,non-void,0,0.38462675,void
14,pre-void,non-void,void,1,0.6546765,void
14,pre-void,non-void,void,1,0.67863584,void
20,pre-void,non-void,non-void,0,0.059101634,pre-void
20,pre-void,non-void,non-void,0,0.08844402,pre-void
20,pre-void,non-void,non-void,0,0.34673917,pre-void
20,pre-void,non-void,non-void,0,0.18906134,pre-void
20,pre-void,non-void,non-void,0,0.19475323,pre-void
20,pre-void,non-void,void,1,0.64666814,pre-void
20,pre-void,void,non-void,0,0.24732596,pre-void
20,pre-void,void,non-void,0,0.16758163,pre-void
20,pre-void,void,non-void,0,0.16478106,void
20,pre-void,void,void,1,0.81444883,void
20,pre-void,void,void,1,0.8156513,void
20,pre-void,void,void,1,0.82213634,void
20,pre-void,void,void,1,0.62301564,void
20,pre-void,void,non-void,0,0.3705966,void
20,pre-void,void,non-void,0,0.39499334,void
20,pre-void,void,void,1,0.8810641,void
20,pre-void,void,void,1,0.79638755,void
20,pre-void,void,void,1,0.7870487,void
20,pre-void,void,void,1,0.7533831,void
20,pre-void,void,non-void,0,0.48621595,void
20,pre-void,void,non-void,0,0.45504367,void
20,pre-void,non-void,non-void,0,0.46677512,void
20,pre-void,non-void,void,1,0.5431929,void
20,pre-void,non-void,void,1,0.9302235,void
20,void,non-void,void,1,0.74558204,void
20,void,non-void,void,1,0.6347483,void
20,void,non-void,void,1,0.63095707,void
20,void,non-void,void,1,0.8897925,void
20,void,non-void,non-void,0,0.017982513,void
20,void,non-void,non-void,0,0.35869983,void
25,void,non-void,non-void,0,0.017703723,pre-void
25,void,non-void,non-void,0,0.108137734,pre-void
25,void,non-void,non-void,0,0.0074913767,pre-void
25,void,non-void,non-void,0,0.0061989445,pre-void
25,void,non-void,non-void,0,0.028196583,pre-void
25,void,non-void,non-void,0,0.007588968,pre-void
25,void,non-void,non-void,0,0.023693074,pre-void
25,void,non-void,non-void,0,0.06285687,pre-void
25,void,non-void,non-void,0,0.03384215,pre-void
25,void,non-void,non-void,0,0.13250998,pre-void
25,void,non-void,non-void,0,0.06500605,pre-void
25,void,non-void,non-void,0,0.15889014,pre-void
25,void,non-void,void,1,0.66344416,pre-void
25,void,non-void,non-void,0,0.37704512,pre-void
25,void,non-void,non-void,0,0.22060864,pre-void
25,void,non-void,void,1,0.61426705,pre-void
25,void,non-void,void,1,0.7349391,pre-void
25,void,non-void,void,1,0.51291484,pre-void
25,void,non-void,non-void,0,0.11719888,pre-void
25,void,non-void,non-void,0,0.054515414,pre-void
25,void,non-void,non-void,0,0.04773278,pre-void
25,void,void,non-void,0,0.016197605,pre-void
25,void,void,non-void,0,0.36850417,pre-void
25,void,void,void,1,0.6977141,pre-void
25,void,void,non-void,0,0.11060815,pre-void
25,void,void,non-void,0,0.0992699,pre-void
25,void,void,non-void,0,0.4002621,pre-void
25,void,void,non-void,0,0.4445175,pre-void
25,void,void,void,1,0.7671229,pre-void
25,void,void,void,1,0.6993716,pre-void
25,void,void,void,1,0.85414445,pre-void
25,void,void,non-void,0,0.1195139,pre-void
25,void,void,non-void,0,0.12165194,pre-void
25,void,void,void,1,0.5240655,pre-void
25,void,void,non-void,0,0.12855068,pre-void
25,void,void,non-void,0,0.39253375,pre-void
25,void,void,non-void,0,0.4861632,pre-void
25,void,void,void,1,0.7009162,pre-void
25,void,void,void,1,0.54486275,pre-void
25,void,void,non-void,0,0.10146237,pre-void
25,void,void,non-void,0,0.015561279,pre-void
25,void,void,non-void,0,0.058171708,pre-void
25,void,void,non-void,0,0.43715852,void
25,void,void,void,1,0.7848443,void
25,void,void,void,1,0.6946906,void
25,void,void,void,1,0.73694146,void
25,void,void,void,1,0.59776443,void
25,void,void,void,1,0.765603,void
25,void,void,void,1,0.78199273,void
25,void,void,non-void,0,0.47820473,void
25,void,void,void,1,0.84810466,void
25,void,void,non-void,0,0.49327645,void
25,void,void,void,1,0.6065045,void
25,void,void,void,1,0.64579,void
25,void,void,non-void,0,0.30455956,void
25,void,void,non-void,0,0.4652276,void
25,void,void,non-void,0,0.2961985,void
25,void,void,non-void,0,0.015273551,void
25,void,non-void,non-void,0,0.040613677,void
25,void,non-void,non-void,0,0.1044304,void
25,void,non-void,non-void,0,0.16341457,post-void
25,void,non-void,non-void,0,0.07865554,post-void
25,void,non-void,non-void,0,0.09006183,post-void
25,void,non-void,non-void,0,0.040754173,post-void
25,void,non-void,non-void,0,0.054691684,post-void
25,void,non-void,non-void,0,0.055938724,post-void
25,void,non-void,non-void,0,0.030170543,post-void
25,void,non-void,non-void,0,0.04998243,post-void
25,void,non-void,non-void,0,0.024025692,post-void
25,void,non-void,non-void,0,0.024082214,post-void
25,post-void,non-void,non-void,0,0.014484808,post-void
25,post-void,non-void,non-void,0,0.20158398,post-void
25,post-void,non-void,non-void,0,0.002117345,post-void
25,post-void,non-void,non-void,0,0.004723829,post-void
25,post-void,non-void,non-void,0,0.0430611,post-void
25,post-void,non-void,non-void,0,0.08375409,post-void
25,post-void,non-void,non-void,0,0.0029193233,post-void
25,post-void,non-void,non-void,0,0.003216978,post-void
25,post-void,non-void,non-void,0,0.001544355,post-void
26,post-void,non-void,non-void,0,0.05772541,pre-void
26,post-void,non-void,non-void,0,0.007122612,pre-void
26,post-void,non-void,non-void,0,0.014846588,pre-void
26,post-void,non-void,non-void,0,0.009695529,pre-void
26,post-void,non-void,non-void,0,0.01937689,pre-void
26,post-void,non-void,non-void,0,0.017132387,pre-void
26,post-void,non-void,non-void,0,0.0022675984,pre-void
26,post-void,non-void,non-void,0,0.0022675984,pre-void
26,post-void,non-void,non-void,0,0.0061989445,pre-void
26,post-void,non-void,non-void,0,0.042128,pre-void
26,post-void,non-void,non-void,0,0.09123821,pre-void
26,post-void,non-void,non-void,0,0.20255874,pre-void
26,post-void,non-void,non-void,0,0.10948523,pre-void
26,post-void,non-void,non-void,0,0.05974472,pre-void
26,post-void,non-void,non-void,0,0.038700357,pre-void
26,post-void,non-void,void,1,0.64918435,void
26,post-void,void,non-void,0,0.46533966,void
26,post-void,void,void,1,0.55791646,void
26,post-void,void,void,1,0.7653143,void
26,post-void,void,void,1,0.6917263,void
26,post-void,void,void,1,0.5558632,void
26,post-void,void,void,1,0.5065923,void
26,post-void,void,non-void,0,0.26016185,void
26,post-void,void,non-void,0,0.06397863,void
26,post-void,void,non-void,0,0.014636576,void
26,post-void,void,non-void,0,0.16042718,void
26,post-void,void,non-void,0,0.20530525,void
26,post-void,void,non-void,0,0.31681442,void
26,post-void,non-void,non-void,0,0.3670537,void
26,post-void,non-void,void,1,0.5371113,void
26,post-void,non-void,non-void,0,0.4833709,void
26,post-void,non-void,void,1,0.60427463,void
26,post-void,non-void,void,1,0.77537066,void
26,post-void,non-void,void,1,0.72302365,void
26,post-void,non-void,non-void,0,0.4695625,void
26,post-void,non-void,void,1,0.52282625,void
26,post-void,non-void,non-void,0,0.16533238,post-void
26,post-void,non-void,non-void,0,0.044364974,post-void
26,post-void,non-void,non-void,0,0.006384037,post-void
26,post-void,non-void,non-void,0,0.014289764,post-void
26,post-void,non-void,non-void,0,0.03151283,post-void
26,post-void,non-void,non-void,0,0.009816461,post-void
26,post-void,non-void,non-void,0,0.029895226,post-void
26,pre-void,non-void,non-void,0,0.21331798,post-void
26,pre-void,non-void,non-void,0,0.090879,post-void
26,pre-void,non-void,non-void,0,0.05764908,post-void
26,pre-void,non-void,non-void,0,0.011425844,post-void
26,pre-void,non-void,non-void,0,0.009443683,post-void
26,pre-void,non-void,non-void,0,0.030052433,post-void
26,pre-void,non-void,non-void,0,0.020074883,post-void
26,pre-void,non-void,non-void,0,0.00375065,post-void
26,pre-void,non-void,non-void,0,0.13250998,post-void
26,pre-void,non-void,non-void,0,0.06326913,post-void
26,pre-void,non-void,non-void,0,0.27607405,post-void
26,pre-void,non-void,non-void,0,0.040711034,post-void
26,pre-void,non-void,non-void,0,0.012071975,post-void
26,pre-void,non-void,non-void,0,0.016069932,post-void
26,pre-void,non-void,non-void,0,0.0027172987,post-void
26,pre-void,non-void,non-void,0,0.050936222,post-void
26,pre-void,non-void,non-void,0,0.019530846,post-void
26,pre-void,non-void,non-void,0,0.008508003,post-void
26,pre-void,non-void,non-void,0,0.0048844228,post-void
26,pre-void,non-void,non-void,0,0.011150106,post-void
30,post-void,non-void,void,1,0.66290885,pre-void
30,post-void,non-void,non-void,0,0.38064954,pre-void
30,post-void,non-void,non-void,0,0.3609511,pre-void
30,post-void,non-void,non-void,0,0.36358717,pre-void
30,post-void,non-void,non-void,0,0.36551625,pre-void
30,post-void,non-void,void,1,0.5326849,pre-void
30,post-void,non-void,non-void,0,0.41611657,pre-void
30,post-void,non-void,non-void,0,0.46790254,pre-void
30,post-void,void,non-void,0,0.46741524,pre-void
30,post-void,void,non-void,0,0.39679566,pre-void
30,post-void,void,void,1,0.62779987,pre-void
30,post-void,void,non-void,0,0.26007283,pre-void
30,post-void,void,non-void,0,0.08105457,pre-void
30,pre-void,void,void,1,0.6287579,pre-void
30,pre-void,void,non-void,0,0.14579506,pre-void
30,pre-void,void,void,1,0.54564,pre-void
30,pre-void,void,non-void,0,0.3823087,pre-void
30,pre-void,void,non-void,0,0.41687733,pre-void
30,pre-void,void,non-void,0,0.3167037,pre-void
30,pre-void,void,non-void,0,0.37663218,pre-void
30,void,void,void,1,0.76938444,pre-void
30,void,void,non-void,0,0.4475473,pre-void
30,void,void,non-void,0,0.23783614,pre-void
30,void,void,non-void,0,0.34997007,pre-void
30,void,void,non-void,0,0.31314927,pre-void
30,void,void,non-void,0,0.30783635,pre-void
30,void,void,non-void,0,0.4111172,pre-void
30,void,void,non-void,0,0.2861392,pre-void
30,void,void,non-void,0,0.13603058,pre-void
30,void,void,non-void,0,0.18117881,pre-void
30,void,void,non-void,0,0.024928724,pre-void
30,void,void,non-void,0,0.02565471,pre-void
30,void,void,non-void,0,0.013442392,pre-void
30,void,void,non-void,0,0.19397292,pre-void
30,void,void,non-void,0,0.082335964,pre-void
30,void,void,non-void,0,0.22394755,pre-void
30,void,void,non-void,0,0.14985818,pre-void
30,void,void,non-void,0,0.3110335,pre-void
30,void,void,non-void,0,0.18300746,pre-void
30,void,void,non-void,0,0.45052683,pre-void
30,void,void,non-void,0,0.4148854,pre-void
30,void,void,non-void,0,0.24099913,pre-void
30,void,void,non-void,0,0.28043684,pre-void
30,void,void,void,1,0.64777505,pre-void
30,void,void,non-void,0,0.49595955,pre-void
30,void,void,non-void,0,0.1836578,pre-void
40,void,non-void,non-void,0,0.02515382,pre-void
40,void,non-void,non-void,0,0.3518599,pre-void
40,void,non-void,non-void,0,0.04402129,pre-void
40,void,non-void,non-void,0,0.03138834,pre-void
40,void,non-void,non-void,0,0.040514298,pre-void
40,post-void,non-void,non-void,0,0.020209944,pre-void
40,post-void,non-void,non-void,0,0.020298164,pre-void
40,post-void,non-void,non-void,0,0.049298268,pre-void
40,post-void,non-void,non-void,0,0.083785385,void
40,post-void,non-void,void,1,0.6629937,void
40,post-void,non-void,void,1,0.7100232,void
40,post-void,non-void,void,1,0.7088073,void
40,post-void,non-void,void,1,0.71243924,void
40,post-void,non-void,non-void,0,0.036079183,void
40,post-void,non-void,non-void,0,0.261606,void
40,post-void,non-void,non-void,0,0.40402654,void
40,post-void,non-void,void,1,0.58849514,void
40,post-void,non-void,void,1,0.70919704,void
40,post-void,non-void,non-void,0,0.2406596,void
40,post-void,non-void,non-void,0,0.26671365,void
40,post-void,non-void,non-void,0,0.30119398,void
40,post-void,non-void,non-void,0,0.43380636,void
40,post-void,non-void,non-void,0,0.28326374,void
40,post-void,non-void,non-void,0,0.41404983,void
40,post-void,non-void,non-void,0,0.43860745,void
40,post-void,non-void,void,1,0.71137196,void
40,post-void,non-void,non-void,0,0.47255024,void
40,post-void,non-void,void,1,0.5090114,void
40,post-void,non-void,void,1,0.5188431,void
40,post-void,non-void,void,1,0.8683208,void
40,post-void,non-void,void,1,0.5404909,void
40,post-void,void,void,1,0.8678851,void
40,post-void,void,void,1,0.5138506,void
40,post-void,void,void,1,0.6572351,void
40,post-void,void,non-void,0,0.48822126,void
40,post-void,void,non-void,0,0.33912203,void
40,post-void,void,void,1,0.90914047,void
40,post-void,void,void,1,0.9085889,void
40,post-void,void,void,1,0.88607156,void
40,post-void,void,void,1,0.9466315,void
40,post-void,void,void,1,0.95283526,void
40,post-void,void,void,1,0.86393887,void
40,post-void,void,void,1,0.7129779,void
40,post-void,void,void,1,0.9314168,void
40,post-void,void,void,1,0.6313855,void
40,post-void,void,non-void,0,0.38692734,void
40,post-void,void,non-void,0,0.32808158,void
40,post-void,void,non-void,0,0.36395717,void
40,post-void,void,non-void,0,0.46064264,void
40,post-void,void,void,1,0.5861431,void
40,post-void,void,non-void,0,0.22165737,void
40,post-void,void,non-void,0,0.21336748,void
40,post-void,void,non-void,0,0.38519496,void
40,post-void,non-void,non-void,0,0.2292856,void
40,post-void,non-void,non-void,0,0.3159412,void
40,post-void,non-void,non-void,0,0.31448546,void
40,post-void,non-void,non-void,0,0.09298601,void
40,post-void,non-void,void,1,0.5619685,void
40,post-void,non-void,non-void,0,0.047665086,void
40,post-void,non-void,non-void,0,0.007918413,void
40,pre-void,non-void,non-void,0,0.0038740013,void
40,pre-void,non-void,non-void,0,0.007319986,void
40,pre-void,non-void,non-void,0,0.017299,void
40,void,non-void,non-void,0,0.1224786,void
40,void,non-void,non-void,0,0.15701668,void
40,void,non-void,void,1,0.771613,void
40,void,non-void,non-void,0,0.44513372,void
40,void,non-void,void,1,0.5603921,void
40,void,non-void,non-void,0,0.06348368,void
40,void,non-void,non-void,0,0.22542585,void
40,void,non-void,non-void,0,0.19129452,void
40,void,non-void,void,1,0.5131886,void
40,void,non-void,void,1,0.71272695,void
40,void,non-void,non-void,0,0.3759758,void
40,void,non-void,non-void,0,0.49797052,void
40,void,non-void,non-void,0,0.10439955,void
40,void,non-void,non-void,0,0.06998727,post-void
40,void,non-void,non-void,0,0.012945132,post-void
40,void,non-void,non-void,0,0.056494355,post-void
40,void,non-void,non-void,0,0.27849728,post-void
40,void,non-void,non-void,0,0.059509598,post-void
40,void,non-void,non-void,0,0.003364773,post-void
40,void,non-void,non-void,0,0.028675532,post-void
40,void,non-void,void,1,0.84558713,post-void
40,void,non-void,non-void,0,0.15548551,post-void
40,void,non-void,non-void,0,0.23585798,post-void
40,void,non-void,non-void,0,0.18255052,post-void
40,void,non-void,non-void,0,0.042883236,post-void
40,void,non-void,non-void,0,0.0359942,post-void
40,void,non-void,non-void,0,0.29915106,post-void
40,void,non-void,non-void,0,0.07499744,post-void
40,void,non-void,non-void,0,0.071915336,post-void
40,void,non-void,non-void,0,0.021537093,post-void
40,void,non-void,non-void,0,0.0072691482,post-void
40,void,non-void,non-void,0,0.0008112059,post-void
40,void,non-void,non-void,0,0.001994274,post-void
40,void,non-void,non-void,0,0.0014203577,post-void
40,void,non-void,non-void,0,0.0037171782,post-void
40,void,non-void,non-void,0,0.0014795905,post-void
40,void,non-void,non-void,0,0.0015042538,post-void
40,void,non-void,non-void,0,0.0038977265,post-void
40,void,non-void,non-void,0,0.19074586,post-void
40,void,non-void,non-void,0,0.2751336,post-void
40,void,non-void,non-void,0,0.020914365,post-void
40,void,non-void,non-void,0,0.00743922,post-void
40,void,non-void,non-void,0,0.051772863,post-void
40,void,non-void,non-void,0,0.161949,post-void
40,void,non-void,non-void,0,0.012127771,post-void
40,void,non-void,non-void,0,0.20763277,post-void
40,void,non-void,non-void,0,0.069486134,post-void
40,void,non-void,non-void,0,0.047899757,post-void
40,void,non-void,non-void,0,0.041607026,post-void
40,void,non-void,non-void,0,0.0071453997,post-void
40,void,non-void,non-void,0,0.1397223,post-void
40,void,non-void,non-void,0,0.026861072,post-void
40,void,non-void,non-void,0,0.15988258,post-void
40,void,non-void,non-void,0,0.3170149,post-void
40,void,non-void,non-void,0,0.34651434,post-void
40,void,non-void,non-void,0,0.14947765,post-void
40,void,non-void,non-void,0,0.015929338,post-void
40,void,non-void,non-void,0,0.012049362,post-void
40,void,non-void,non-void,0,0.037962973,post-void
40,void,non-void,void,1,0.6014035,post-void
40,void,non-void,non-void,0,0.04109928,post-void
40,void,non-void,non-void,0,0.0035866739,post-void
40,void,non-void,non-void,0,0.002175759,post-void
40,void,non-void,non-void,0,0.0018244288,post-void
40,post-void,non-void,non-void,0,0.0028625652,post-void
40,post-void,non-void,non-void,0,0.0018997806,post-void
40,post-void,non-void,non-void,0,0.021965822,post-void
40,post-void,non-void,non-void,0,0.13601017,post-void
40,post-void,non-void,non-void,0,0.019179925,post-void
40,post-void,non-void,non-void,0,0.0065441085,post-void
40,post-void,non-void,void,1,0.5131729,post-void
40,post-void,non-void,non-void,0,0.08180282,post-void
40,pre-void,non-void,non-void,0,0.018828578,post-void
40,pre-void,non-void,non-void,0,0.005929416,post-void
40,pre-void,non-void,non-void,0,0.005203547,post-void
40,pre-void,non-void,non-void,0,0.012541973,post-void
40,pre-void,non-void,non-void,0,0.013157343,post-void
40,pre-void,non-void,non-void,0,0.021168523,post-void
40,pre-void,non-void,non-void,0,0.02401439,post-void
40,pre-void,non-void,non-void,0,0.022668032,post-void
40,pre-void,non-void,non-void,0,0.0040186727,post-void
40,pre-void,non-void,non-void,0,0.031131664,post-void
40,pre-void,non-void,non-void,0,0.018278973,post-void
40,pre-void,non-void,non-void,0,0.016953753,post-void
40,pre-void,non-void,non-void,0,0.0060609397,post-void
40,pre-void,non-void,non-void,0,0.21909419,post-void
40,void,non-void,non-void,0,0.012947265,post-void
40,void,non-void,non-void,0,0.07846677,post-void
40,void,non-void,non-void,0,0.01474972,post-void
40,void,non-void,non-void,0,0.06875278,post-void
40,void,non-void,non-void,0,0.00937641,post-void
40,void,non-void,non-void,0,0.003011175,post-void
40,void,non-void,non-void,0,0.038842496,post-void
40,void,non-void,non-void,0,0.025649898,post-void
40,void,non-void,non-void,0,0.040779226,post-void
40,void,non-void,non-void,0,0.014529999,post-void
40,void,non-void,non-void,0,0.26749676,post-void
40,void,non-void,non-void,0,0.11185579,post-void
40,void,non-void,non-void,0,0.074762456,post-void
40,void,non-void,non-void,0,0.15073578,post-void
40,void,non-void,non-void,0,0.13833742,post-void
40,void,non-void,non-void,0,0.1401272,post-void
40,void,non-void,non-void,0,0.16373911,post-void
40,void,non-void,non-void,0,0.36162168,post-void
40,void,non-void,non-void,0,0.17795146,post-void
40,void,non-void,non-void,0,0.044980276,post-void
40,void,non-void,non-void,0,0.0827427,post-void
40,void,non-void,non-void,0,0.015161591,post-void
40,void,non-void,non-void,0,0.03097701,post-void
40,void,non-void,non-void,0,0.04461684,post-void
40,void,non-void,non-void,0,0.071809605,post-void
40,void,non-void,non-void,0,0.19675341,post-void
40,void,non-void,non-void,0,0.28135443,post-void
40,void,non-void,void,1,0.5704199,post-void
40,void,non-void,non-void,0,0.11501535,post-void
40,void,non-void,non-void,0,0.030743748,post-void
40,void,non-void,non-void,0,0.0027568343,post-void
40,void,non-void,non-void,0,0.00063285005,post-void
40,void,non-void,non-void,0,0.0015522159,post-void
40,void,non-void,non-void,0,0.0024533886,post-void
40,void,non-void,non-void,0,0.0047234395,post-void
40,void,non-void,non-void,0,0.0027317097,post-void
40,void,non-void,non-void,0,0.0027317097,post-void
40,void,non-void,non-void,0,0.005203547,post-void
40,void,non-void,non-void,0,0.0049247043,post-void
40,void,non-void,non-void,0,0.03947849,post-void
41,void,non-void,non-void,0,0.08597743,pre-void
41,void,non-void,non-void,0,0.029193409,pre-void
41,void,non-void,non-void,0,0.27569696,pre-void
41,void,non-void,non-void,0,0.045348216,pre-void
41,void,void,non-void,0,0.07564535,pre-void
41,void,void,non-void,0,0.08831687,pre-void
41,void,void,non-void,0,0.025122829,pre-void
41,void,void,void,1,0.8653887,void
41,void,void,non-void,0,0.4215257,void
41,void,void,void,1,0.7346509,void
41,void,void,void,1,0.51036525,void
41,void,void,void,1,0.7450396,void
41,void,void,non-void,0,0.47890854,void
41,void,void,non-void,0,0.49145257,void
41,void,void,non-void,0,0.39390996,void
41,void,void,void,1,0.8294591,void
41,void,void,non-void,0,0.06317107,void
41,void,void,void,1,0.6087628,void
41,void,void,void,1,0.6296363,void
41,void,void,non-void,0,0.28909698,void
41,void,void,non-void,0,0.11768859,void
41,void,void,non-void,0,0.12579903,void
41,void,void,non-void,0,0.3443275,void
41,void,void,non-void,0,0.37247753,void
41,void,void,void,1,0.5454391,void
41,void,void,non-void,0,0.47308275,void
41,void,non-void,non-void,0,0.40533844,void
41,void,non-void,void,1,0.82316875,void
41,post-void,non-void,non-void,0,0.4466286,void
41,post-void,non-void,non-void,0,0.13818401,void
41,post-void,non-void,non-void,0,0.15847431,void
41,post-void,non-void,non-void,0,0.0991483,void
41,post-void,non-void,void,1,0.5787467,void
41,post-void,non-void,void,1,0.8565821,void
41,post-void,non-void,void,1,0.84446985,void
41,post-void,non-void,void,1,0.8698881,void
41,post-void,non-void,void,1,0.7528022,void
