Dataset,Model,Imbalance Technique,F1-Score (avg),F1-Score (std),F1-Score (avg:std),Recall (avg),Recall (std),Recall (avg:std),Accuracy (avg),Accuracy (std),Accuracy (avg:std),Macro F1 (avg),Macro F1 (std),Macro F1 (avg:std),Weighted F1 (avg),Weighted F1 (std),Weighted F1 (avg:std)
1s_no,Decision Tree,Baseline (none),0.47537,0.07788,6.10413,0.49075,0.07925,6.19283,0.59426,0.05665,10.49038,0.56398,0.03578,15.76335,0.59972,0.06603,9.08264
1s_no,Decision Tree,SMOTE,0.48098,0.06601,7.28625,0.51553,0.09311,5.53646,0.58494,0.06506,8.99083,0.56021,0.04577,12.23837,0.59184,0.07519,7.87131
1s_no,Decision Tree,TomekLinks,0.53868,0.07341,7.33821,0.59503,0.06994,8.50749,0.61928,0.05365,11.54249,0.59891,0.03949,15.16547,0.62723,0.06036,10.39073
1s_no,Decision Tree,SMOTETomek,0.4928,0.09363,5.26308,0.53476,0.13951,3.83312,0.59469,0.06665,8.92225,0.56871,0.05433,10.46763,0.60044,0.07584,7.91715
1s_0.5,Decision Tree,Baseline (none),0.52683,0.06393,8.24048,0.54209,0.1055,5.13816,0.62158,0.07571,8.20977,0.60216,0.06428,9.36697,0.62359,0.08034,7.76234
1s_0.5,Decision Tree,SMOTE,0.54099,0.08075,6.69972,0.56568,0.13687,4.13299,0.63013,0.08372,7.5266,0.61115,0.07529,8.11703,0.63166,0.08892,7.10342
1s_0.5,Decision Tree,TomekLinks,0.5514,0.07408,7.44313,0.58535,0.14006,4.17924,0.63269,0.08572,7.38054,0.61538,0.07549,8.15165,0.63453,0.08914,7.11811
1s_0.5,Decision Tree,SMOTETomek,0.53664,0.08108,6.61842,0.56402,0.13391,4.21185,0.62482,0.0853,7.32457,0.60603,0.07609,7.96509,0.62667,0.08969,6.98704
1s_0.8,Decision Tree,Baseline (none),0.49439,0.08288,5.96482,0.49591,0.08447,5.87074,0.61289,0.05776,10.61102,0.58266,0.03832,15.20607,0.61347,0.0675,9.08883
1s_0.8,Decision Tree,SMOTE,0.50301,0.09682,5.19539,0.51245,0.09804,5.22708,0.6125,0.07222,8.48157,0.58321,0.05312,10.97994,0.6142,0.07867,7.8071
1s_0.8,Decision Tree,TomekLinks,0.50465,0.1014,4.97683,0.51698,0.1124,4.59966,0.61618,0.05689,10.83026,0.5875,0.04739,12.39716,0.61782,0.06718,9.19626
1s_0.8,Decision Tree,SMOTETomek,0.50269,0.08384,5.99602,0.50334,0.08168,6.16202,0.61929,0.05696,10.87164,0.58886,0.03574,16.47656,0.6202,0.06501,9.54014
2s_no,Decision Tree,Baseline (none),0.52537,0.12075,4.35076,0.5434,0.153,3.55165,0.63316,0.08642,7.32617,0.60699,0.08216,7.38819,0.6325,0.09483,6.66987
2s_no,Decision Tree,SMOTE,0.53653,0.09753,5.50115,0.55855,0.09622,5.80501,0.63279,0.06996,9.04483,0.61038,0.06678,9.14006,0.63596,0.0752,8.45657
2s_no,Decision Tree,TomekLinks,0.5236,0.11357,4.61027,0.56053,0.16417,3.41423,0.61418,0.0945,6.4989,0.59307,0.08735,6.78967,0.61555,0.09863,6.24102
2s_no,Decision Tree,SMOTETomek,0.52619,0.11417,4.60898,0.54447,0.1096,4.96797,0.62627,0.07925,7.9021,0.60147,0.07609,7.90473,0.62929,0.0844,7.45605
2s_0.5,Decision Tree,Baseline (none),0.51538,0.09151,5.6317,0.53229,0.14023,3.79595,0.62405,0.08173,7.63555,0.59686,0.0669,8.92192,0.62586,0.08739,7.16195
2s_0.5,Decision Tree,SMOTE,0.54286,0.07948,6.82982,0.57425,0.10325,5.56182,0.63274,0.07802,8.10972,0.61046,0.06581,9.27569,0.6372,0.08251,7.72307
2s_0.5,Decision Tree,TomekLinks,0.46386,0.09109,5.09259,0.46539,0.09983,4.66168,0.5889,0.07704,7.64403,0.55766,0.05991,9.30881,0.59136,0.08064,7.33312
2s_0.5,Decision Tree,SMOTETomek,0.54096,0.08101,6.67745,0.56401,0.1003,5.62307,0.63785,0.06397,9.97035,0.61419,0.05552,11.06278,0.64236,0.06939,9.25767
2s_0.8,Decision Tree,Baseline (none),0.52785,0.10432,5.05973,0.53489,0.12068,4.43214,0.63185,0.06834,9.2453,0.60486,0.06121,9.88144,0.6304,0.0777,8.11362
2s_0.8,Decision Tree,SMOTE,0.53437,0.0636,8.40214,0.54593,0.07706,7.08443,0.62476,0.07282,8.57902,0.60177,0.0478,12.59011,0.62524,0.07917,7.8973
2s_0.8,Decision Tree,TomekLinks,0.5312,0.09193,5.77815,0.54629,0.10085,5.41686,0.62661,0.06202,10.10259,0.6029,0.0503,11.98659,0.62709,0.07168,8.74828
2s_0.8,Decision Tree,SMOTETomek,0.52186,0.10281,5.07619,0.54361,0.12381,4.39076,0.61555,0.07708,7.98604,0.59156,0.06578,8.99311,0.61539,0.08704,7.06986
3s_no,Decision Tree,Baseline (none),0.58871,0.09227,6.38014,0.57579,0.0873,6.59539,0.68052,0.09813,6.93465,0.65742,0.08521,7.71522,0.68047,0.09986,6.81433
3s_no,Decision Tree,SMOTE,0.58,0.12097,4.79444,0.59627,0.12696,4.69658,0.66697,0.0726,9.18658,0.64319,0.07496,8.58012,0.66987,0.07576,8.84211
3s_no,Decision Tree,TomekLinks,0.55371,0.1735,3.19134,0.58111,0.20722,2.80431,0.6455,0.11512,5.60721,0.61755,0.11997,5.14745,0.64686,0.11813,5.4758
3s_no,Decision Tree,SMOTETomek,0.60824,0.08117,7.49369,0.64198,0.11215,5.72426,0.67882,0.07305,9.29203,0.66048,0.06488,10.18074,0.68108,0.07808,8.72336
3s_0.5,Decision Tree,Baseline (none),0.51441,0.09568,5.37631,0.53072,0.14698,3.61089,0.60555,0.10644,5.6891,0.58599,0.09423,6.21879,0.60615,0.11164,5.42935
3s_0.5,Decision Tree,SMOTE,0.55484,0.08495,6.53141,0.56743,0.10653,5.32646,0.63533,0.0977,6.50252,0.61778,0.08487,7.27897,0.63729,0.0992,6.42461
3s_0.5,Decision Tree,TomekLinks,0.54606,0.06815,8.01306,0.58478,0.13844,4.22416,0.61966,0.07449,8.31876,0.60404,0.06368,9.48589,0.62183,0.08047,7.72793
3s_0.5,Decision Tree,SMOTETomek,0.53165,0.07843,6.77879,0.5605,0.09918,5.65101,0.6117,0.05891,10.38278,0.59312,0.04995,11.8746,0.61531,0.06446,9.54562
3s_0.8,Decision Tree,Baseline (none),0.53442,0.08193,6.5232,0.54778,0.13148,4.16634,0.63169,0.09387,6.72967,0.60735,0.07453,8.14927,0.6332,0.10157,6.23422
3s_0.8,Decision Tree,SMOTE,0.53364,0.0606,8.80596,0.54463,0.1028,5.29813,0.62866,0.08916,7.05057,0.60595,0.06708,9.03326,0.63106,0.09431,6.69115
3s_0.8,Decision Tree,TomekLinks,0.54526,0.11691,4.66401,0.57751,0.18658,3.09524,0.63871,0.10918,5.85016,0.6174,0.10072,6.12987,0.63922,0.12021,5.31756
3s_0.8,Decision Tree,SMOTETomek,0.52763,0.07953,6.634,0.55231,0.13686,4.03563,0.62062,0.09617,6.4532,0.59643,0.07958,7.49519,0.62159,0.10592,5.86861
4s_no,Decision Tree,Baseline (none),0.50376,0.13719,3.67189,0.52384,0.16647,3.14678,0.61036,0.06794,8.98374,0.5834,0.07872,7.41078,0.61251,0.07221,8.48264
4s_no,Decision Tree,SMOTE,0.47678,0.11742,4.06036,0.49801,0.17928,2.7779,0.58554,0.11088,5.28067,0.55856,0.10065,5.54952,0.58297,0.11714,4.97681
4s_no,Decision Tree,TomekLinks,0.49201,0.11185,4.399,0.53446,0.15441,3.46141,0.58303,0.07052,8.26771,0.56065,0.06649,8.43266,0.58569,0.0783,7.48018
4s_no,Decision Tree,SMOTETomek,0.52045,0.06241,8.33892,0.53955,0.12888,4.18656,0.60852,0.10526,5.78089,0.58695,0.08111,7.23669,0.60909,0.1075,5.66584
4s_0.5,Decision Tree,Baseline (none),0.50835,0.11665,4.3581,0.52073,0.17965,2.89851,0.62957,0.06963,9.04141,0.5981,0.07033,8.50415,0.62491,0.08315,7.51576
4s_0.5,Decision Tree,SMOTE,0.50832,0.0999,5.08827,0.5226,0.13517,3.86635,0.61082,0.09504,6.42733,0.58552,0.08226,7.11765,0.61203,0.10248,5.97236
4s_0.5,Decision Tree,TomekLinks,0.53544,0.08153,6.56768,0.56951,0.13124,4.3395,0.61747,0.09116,6.7732,0.59504,0.07235,8.22477,0.61949,0.09759,6.34772
4s_0.5,Decision Tree,SMOTETomek,0.52942,0.09903,5.34611,0.55992,0.16879,3.31727,0.62673,0.07595,8.25134,0.60073,0.06482,9.26767,0.62612,0.08663,7.22714
4s_0.8,Decision Tree,Baseline (none),0.56017,0.08152,6.8719,0.57222,0.10391,5.50671,0.63633,0.10183,6.24922,0.6158,0.08269,7.44727,0.63718,0.10743,5.93109
4s_0.8,Decision Tree,SMOTE,0.53777,0.10014,5.3704,0.54179,0.10427,5.19604,0.6284,0.08966,7.00862,0.60457,0.07596,7.95868,0.6306,0.09438,6.68151
4s_0.8,Decision Tree,TomekLinks,0.51736,0.10484,4.93496,0.52382,0.14101,3.71483,0.61398,0.10608,5.78815,0.58942,0.0897,6.57075,0.61319,0.11373,5.39177
4s_0.8,Decision Tree,SMOTETomek,0.56075,0.10072,5.56765,0.57297,0.12686,4.51653,0.64336,0.10025,6.41767,0.62329,0.08638,7.2157,0.64421,0.10742,5.99689
5s_no,Decision Tree,Baseline (none),0.50754,0.11786,4.30612,0.50264,0.14715,3.41584,0.62337,0.11029,5.65204,0.59521,0.09805,6.0706,0.62175,0.11676,5.32495
5s_no,Decision Tree,SMOTE,0.5153,0.09095,5.66567,0.56782,0.16343,3.47444,0.59861,0.07561,7.91751,0.57776,0.06699,8.62397,0.60079,0.08618,6.97157
5s_no,Decision Tree,TomekLinks,0.5711,0.07789,7.33166,0.62734,0.16117,3.89235,0.63907,0.08306,7.69403,0.61803,0.06743,9.16601,0.63994,0.08769,7.29751
5s_no,Decision Tree,SMOTETomek,0.57839,0.09466,6.11039,0.59362,0.15459,3.83998,0.6636,0.10728,6.18551,0.64172,0.09806,6.5439,0.66337,0.11418,5.80965
5s_0.5,Decision Tree,Baseline (none),0.57587,0.10069,5.71936,0.59908,0.13951,4.29432,0.66253,0.08606,7.69825,0.6418,0.07738,8.29413,0.66313,0.09734,6.81252
5s_0.5,Decision Tree,SMOTE,0.5529,0.11425,4.83918,0.57885,0.15678,3.69211,0.63864,0.10958,5.82807,0.61743,0.09701,6.36456,0.63999,0.11822,5.41357
5s_0.5,Decision Tree,TomekLinks,0.5572,0.1454,3.83209,0.61954,0.18722,3.30906,0.63308,0.10253,6.17482,0.61399,0.10268,5.9797,0.63593,0.11306,5.62446
5s_0.5,Decision Tree,SMOTETomek,0.6014,0.06526,9.21513,0.65039,0.12469,5.21597,0.66132,0.08706,7.59599,0.64542,0.07301,8.83979,0.6658,0.09109,7.3093
5s_0.8,Decision Tree,Baseline (none),0.52825,0.1363,3.87556,0.5152,0.16946,3.04021,0.6345,0.0989,6.4154,0.60593,0.0959,6.31804,0.63321,0.10211,6.20122
5s_0.8,Decision Tree,SMOTE,0.54481,0.10064,5.41345,0.56461,0.17942,3.14693,0.62047,0.11133,5.57319,0.60444,0.10233,5.90691,0.62139,0.11608,5.35293
5s_0.8,Decision Tree,TomekLinks,0.55302,0.10418,5.30827,0.57984,0.15087,3.84326,0.62267,0.10196,6.10701,0.60564,0.09264,6.53734,0.62429,0.10588,5.89642
5s_0.8,Decision Tree,SMOTETomek,0.56758,0.09491,5.97998,0.58693,0.1328,4.41967,0.63762,0.09447,6.74927,0.61852,0.08431,7.33634,0.64024,0.09486,6.74941
1s_no,Random Forest,Baseline (none),0.59198,0.08074,7.33232,0.58429,0.12901,4.52896,0.69667,0.0822,8.47546,0.67079,0.06915,9.70119,0.69533,0.08815,7.88778
1s_no,Random Forest,SMOTE,0.60224,0.08313,7.24426,0.64386,0.12282,5.24245,0.68103,0.08123,8.38351,0.66169,0.06939,9.53594,0.68532,0.08427,8.13288
1s_no,Random Forest,TomekLinks,0.62368,0.08585,7.2648,0.66443,0.11918,5.57516,0.69667,0.08609,8.09211,0.67857,0.07439,9.12134,0.70067,0.0884,7.92591
1s_no,Random Forest,SMOTETomek,0.60721,0.08518,7.12881,0.64037,0.12896,4.96563,0.68961,0.0842,8.19025,0.66937,0.07275,9.20109,0.69251,0.08869,7.80831
1s_0.5,Random Forest,Baseline (none),0.58397,0.12211,4.78233,0.56024,0.18202,3.07792,0.69499,0.10092,6.88668,0.66731,0.09774,6.82777,0.68787,0.10871,6.32743
1s_0.5,Random Forest,SMOTE,0.60645,0.11542,5.25436,0.62001,0.17589,3.52504,0.68879,0.10417,6.61205,0.66998,0.09994,6.70372,0.68715,0.1094,6.28088
1s_0.5,Random Forest,TomekLinks,0.61463,0.09862,6.23263,0.62499,0.15416,4.05424,0.69414,0.09818,7.06999,0.67599,0.09106,7.42369,0.69355,0.1015,6.83268
1s_0.5,Random Forest,SMOTETomek,0.61532,0.10479,5.87175,0.62704,0.16632,3.77009,0.69566,0.0999,6.96393,0.6774,0.09461,7.15972,0.69451,0.10438,6.65402
1s_0.8,Random Forest,Baseline (none),0.5853,0.07476,7.82857,0.55613,0.09697,5.73489,0.69014,0.09072,7.60707,0.66258,0.06883,9.62627,0.68631,0.09363,7.3297
1s_0.8,Random Forest,SMOTE,0.60425,0.08441,7.15833,0.60375,0.11199,5.3911,0.69097,0.09344,7.39504,0.66793,0.07541,8.85749,0.68963,0.09673,7.1298
1s_0.8,Random Forest,TomekLinks,0.59557,0.08795,6.77187,0.58292,0.11857,4.91633,0.69169,0.0921,7.5098,0.66631,0.07455,8.93753,0.68887,0.09605,7.172
1s_0.8,Random Forest,SMOTETomek,0.60375,0.08764,6.88898,0.60555,0.11538,5.2483,0.68905,0.09534,7.22703,0.66623,0.07725,8.62392,0.68775,0.09861,6.97429
2s_no,Random Forest,Baseline (none),0.5969,0.11454,5.21137,0.57403,0.13657,4.2032,0.7025,0.09166,7.66432,0.67468,0.08549,7.89192,0.6985,0.09567,7.30135
2s_no,Random Forest,SMOTE,0.62602,0.12394,5.0511,0.64001,0.15442,4.14462,0.70918,0.09514,7.45388,0.68779,0.09379,7.33309,0.70836,0.10015,7.07328
2s_no,Random Forest,TomekLinks,0.62959,0.1205,5.22491,0.64563,0.15279,4.22573,0.70983,0.09757,7.27532,0.68971,0.09515,7.24893,0.70932,0.10206,6.94996
2s_no,Random Forest,SMOTETomek,0.62385,0.11947,5.22204,0.62682,0.14887,4.21061,0.70997,0.09531,7.44919,0.68828,0.09259,7.43379,0.7084,0.09975,7.10198
2s_0.5,Random Forest,Baseline (none),0.60523,0.08668,6.98203,0.58569,0.13393,4.37318,0.70786,0.08653,8.18028,0.68096,0.07308,9.31789,0.70519,0.09029,7.80988
2s_0.5,Random Forest,SMOTE,0.62242,0.08407,7.40372,0.63538,0.11944,5.31959,0.70224,0.09003,7.80042,0.681,0.07784,8.7483,0.70371,0.09067,7.76159
2s_0.5,Random Forest,TomekLinks,0.63013,0.08518,7.39747,0.64662,0.11808,5.47595,0.70801,0.08657,8.1783,0.68812,0.07494,9.18221,0.70995,0.08689,8.17088
2s_0.5,Random Forest,SMOTETomek,0.62086,0.09972,6.22585,0.63641,0.13296,4.78634,0.70298,0.09469,7.4237,0.68125,0.08537,7.98032,0.70449,0.09534,7.38952
2s_0.8,Random Forest,Baseline (none),0.59916,0.08961,6.68609,0.56503,0.1346,4.19793,0.69889,0.09553,7.31594,0.67304,0.07894,8.52561,0.69231,0.09966,6.94692
2s_0.8,Random Forest,SMOTE,0.61442,0.08949,6.86548,0.60929,0.13388,4.55102,0.6997,0.08743,8.00338,0.67751,0.07331,9.24216,0.69651,0.09236,7.54147
2s_0.8,Random Forest,TomekLinks,0.6015,0.08898,6.75991,0.57892,0.12827,4.51327,0.69619,0.09155,7.60484,0.67152,0.07518,8.93184,0.69159,0.09555,7.2379
2s_0.8,Random Forest,SMOTETomek,0.61998,0.08474,7.31623,0.60914,0.1306,4.66408,0.7029,0.09081,7.74045,0.68168,0.07517,9.06818,0.69939,0.0946,7.39335
3s_no,Random Forest,Baseline (none),0.64287,0.09534,6.74295,0.6455,0.1696,3.80607,0.72096,0.09895,7.28588,0.7025,0.08921,7.87475,0.71827,0.10367,6.92817
3s_no,Random Forest,SMOTE,0.65479,0.08025,8.15947,0.67931,0.14949,4.5441,0.71828,0.0983,7.30692,0.70139,0.08655,8.10427,0.71728,0.10109,7.09517
3s_no,Random Forest,TomekLinks,0.68003,0.08269,8.22398,0.72279,0.1514,4.77406,0.72936,0.10341,7.05298,0.71663,0.09278,7.72392,0.72984,0.10521,6.93686
3s_no,Random Forest,SMOTETomek,0.6455,0.09975,6.4709,0.67652,0.17912,3.77689,0.7133,0.10456,6.82218,0.69564,0.09659,7.20183,0.71172,0.10877,6.54336
3s_0.5,Random Forest,Baseline (none),0.61281,0.08546,7.17063,0.59488,0.15101,3.93946,0.69967,0.09672,7.23391,0.67992,0.08419,8.07608,0.69503,0.10143,6.85244
3s_0.5,Random Forest,SMOTE,0.64093,0.08162,7.85267,0.64941,0.13022,4.98696,0.70553,0.09806,7.19474,0.6912,0.08603,8.03448,0.70512,0.09945,7.09009
3s_0.5,Random Forest,TomekLinks,0.66729,0.07578,8.80534,0.69255,0.13962,4.96024,0.72257,0.08638,8.36493,0.70984,0.07431,9.55295,0.72301,0.08744,8.26883
3s_0.5,Random Forest,SMOTETomek,0.63291,0.07382,8.57342,0.65169,0.12144,5.36635,0.69695,0.08683,8.02667,0.68242,0.074,9.22142,0.69755,0.08804,7.92339
3s_0.8,Random Forest,Baseline (none),0.61064,0.09843,6.2041,0.58715,0.15675,3.74572,0.70287,0.11676,6.0198,0.67824,0.09928,6.8316,0.69944,0.12125,5.76852
3s_0.8,Random Forest,SMOTE,0.63132,0.10052,6.28054,0.63512,0.15967,3.97771,0.70318,0.12427,5.65867,0.68424,0.10913,6.26981,0.70274,0.12758,5.50826
3s_0.8,Random Forest,TomekLinks,0.63132,0.1055,5.98407,0.62188,0.16339,3.80606,0.71237,0.1199,5.94125,0.69068,0.10557,6.5424,0.71059,0.12401,5.73024
3s_0.8,Random Forest,SMOTETomek,0.62614,0.09968,6.28147,0.62675,0.16305,3.84386,0.70249,0.12089,5.8112,0.68165,0.10502,6.49064,0.70154,0.12413,5.65174
4s_no,Random Forest,Baseline (none),0.6151,0.11547,5.32679,0.61592,0.19416,3.17233,0.70405,0.10114,6.96133,0.68368,0.09706,7.04371,0.69933,0.10936,6.39495
4s_no,Random Forest,SMOTE,0.63248,0.09911,6.3813,0.67351,0.17137,3.93018,0.69607,0.09519,7.31225,0.68156,0.08815,7.73204,0.69649,0.09927,7.01643
4s_no,Random Forest,TomekLinks,0.6545,0.09514,6.87904,0.70111,0.16572,4.2307,0.71198,0.09568,7.44126,0.69829,0.08872,7.87108,0.71301,0.09905,7.19826
4s_no,Random Forest,SMOTETomek,0.62558,0.1201,5.20895,0.64948,0.19113,3.39812,0.69273,0.12107,5.72162,0.6779,0.11462,5.91436,0.69173,0.12448,5.55698
4s_0.5,Random Forest,Baseline (none),0.61061,0.13962,4.37322,0.58266,0.1822,3.19796,0.71287,0.10496,6.79196,0.68555,0.10239,6.69527,0.70607,0.11384,6.20222
4s_0.5,Random Forest,SMOTE,0.61398,0.13051,4.70452,0.62029,0.18373,3.37615,0.7018,0.10023,7.00165,0.67801,0.0962,7.04767,0.69828,0.10828,6.44882
4s_0.5,Random Forest,TomekLinks,0.64407,0.12588,5.11637,0.65352,0.16975,3.85,0.71895,0.101,7.11856,0.69896,0.09643,7.24809,0.71699,0.10602,6.76274
4s_0.5,Random Forest,SMOTETomek,0.62892,0.1204,5.22354,0.64416,0.17518,3.67717,0.70783,0.09347,7.5727,0.68713,0.08898,7.72263,0.70579,0.10018,7.04557
4s_0.8,Random Forest,Baseline (none),0.62517,0.12784,4.89015,0.61685,0.18528,3.32937,0.70344,0.12778,5.50534,0.68391,0.11651,5.87006,0.6993,0.13427,5.20821
4s_0.8,Random Forest,SMOTE,0.64039,0.11245,5.69486,0.63864,0.16824,3.79601,0.71078,0.11796,6.02588,0.69295,0.10559,6.56273,0.7087,0.12258,5.78153
4s_0.8,Random Forest,TomekLinks,0.62468,0.12738,4.90418,0.62252,0.18882,3.29697,0.7014,0.1299,5.39941,0.68254,0.11895,5.7382,0.69802,0.13569,5.1442
4s_0.8,Random Forest,SMOTETomek,0.62656,0.11714,5.34904,0.62216,0.17554,3.54421,0.69914,0.12842,5.4441,0.68088,0.11507,5.91699,0.6958,0.13302,5.23066
5s_no,Random Forest,Baseline (none),0.60358,0.14902,4.0503,0.58767,0.21706,2.70746,0.711,0.12035,5.90789,0.6826,0.11736,5.81641,0.70384,0.13234,5.31829
5s_no,Random Forest,SMOTE,0.63371,0.09616,6.59022,0.65098,0.1767,3.68421,0.70562,0.11303,6.24256,0.68857,0.10072,6.83656,0.70505,0.11784,5.98294
5s_no,Random Forest,TomekLinks,0.6709,0.10125,6.62609,0.73954,0.20724,3.56848,0.71475,0.11998,5.95704,0.70574,0.1116,6.32381,0.71664,0.12422,5.76916
5s_no,Random Forest,SMOTETomek,0.66101,0.09306,7.10326,0.69497,0.17929,3.87621,0.71888,0.1087,6.61353,0.70501,0.09844,7.16206,0.71926,0.11287,6.37261
5s_0.5,Random Forest,Baseline (none),0.6366,0.09788,6.504,0.62797,0.15444,4.06616,0.71211,0.11082,6.42591,0.69401,0.09827,7.06214,0.71011,0.11612,6.11523
5s_0.5,Random Forest,SMOTE,0.66155,0.11187,5.91348,0.68442,0.17811,3.84269,0.71893,0.12473,5.76395,0.70611,0.11424,6.18122,0.71899,0.12939,5.55666
5s_0.5,Random Forest,TomekLinks,0.67558,0.1123,6.0159,0.71529,0.18737,3.81749,0.72884,0.11649,6.25672,0.71593,0.10795,6.63181,0.72932,0.12134,6.01046
5s_0.5,Random Forest,SMOTETomek,0.66934,0.07799,8.58271,0.7088,0.17016,4.16541,0.7237,0.09737,7.43243,0.71083,0.08671,8.19804,0.72515,0.10189,7.11693
5s_0.8,Random Forest,Baseline (none),0.62269,0.13076,4.762,0.60332,0.18455,3.26909,0.6993,0.12706,5.50387,0.67926,0.1198,5.66997,0.69554,0.13202,5.26833
5s_0.8,Random Forest,SMOTE,0.64033,0.11049,5.79528,0.633,0.16594,3.81458,0.70192,0.12532,5.60107,0.68512,0.11524,5.94492,0.70051,0.12714,5.50988
5s_0.8,Random Forest,TomekLinks,0.63914,0.13711,4.66138,0.63283,0.18975,3.33511,0.7082,0.12489,5.67057,0.68984,0.12107,5.69774,0.70545,0.13114,5.37945
5s_0.8,Random Forest,SMOTETomek,0.64413,0.12165,5.29482,0.64325,0.17986,3.5764,0.70343,0.12559,5.60113,0.68703,0.11805,5.81968,0.70161,0.12891,5.44273
1s_no,XGBoost,Baseline (none),0.55915,0.07981,7.00641,0.55252,0.12378,4.46382,0.66969,0.09982,6.70883,0.64116,0.07835,8.18293,0.66847,0.10583,6.31666
1s_no,XGBoost,SMOTE,0.59104,0.07424,7.96084,0.60456,0.11795,5.12557,0.67614,0.1021,6.62233,0.65521,0.08419,7.78216,0.67795,0.10468,6.47669
1s_no,XGBoost,TomekLinks,0.59452,0.076,7.82239,0.62434,0.09906,6.30276,0.67503,0.08998,7.50203,0.65461,0.07235,9.04724,0.67895,0.09151,7.41979
1s_no,XGBoost,SMOTETomek,0.5997,0.06402,9.36697,0.60871,0.0967,6.29463,0.68442,0.09352,7.31874,0.66294,0.07544,8.78719,0.68616,0.09544,7.18926
1s_0.5,XGBoost,Baseline (none),0.56225,0.11383,4.93953,0.5421,0.16027,3.38246,0.6671,0.11947,5.58367,0.64283,0.10881,5.90777,0.66224,0.12348,5.36318
1s_0.5,XGBoost,SMOTE,0.5827,0.12029,4.84394,0.59627,0.17758,3.35784,0.66791,0.1175,5.68447,0.64848,0.11013,5.88816,0.66655,0.12105,5.5064
1s_0.5,XGBoost,TomekLinks,0.58474,0.11174,5.23308,0.59066,0.16796,3.51673,0.6738,0.10854,6.20781,0.65345,0.10131,6.45,0.67196,0.11269,5.96309
1s_0.5,XGBoost,SMOTETomek,0.58598,0.11034,5.31061,0.59663,0.16129,3.69901,0.6703,0.11237,5.96516,0.65045,0.1034,6.29058,0.66978,0.11463,5.84301
1s_0.8,XGBoost,Baseline (none),0.53916,0.09348,5.76776,0.50717,0.1143,4.43734,0.6614,0.10024,6.59839,0.62908,0.07886,7.97696,0.65619,0.10454,6.27702
1s_0.8,XGBoost,SMOTE,0.59434,0.08648,6.87246,0.59389,0.10457,5.6795,0.68126,0.10013,6.80381,0.65808,0.08013,8.2127,0.68056,0.10266,6.62939
1s_0.8,XGBoost,TomekLinks,0.55643,0.08391,6.6315,0.53452,0.10678,5.00591,0.66591,0.09928,6.70739,0.6379,0.07817,8.16013,0.6626,0.10312,6.42547
1s_0.8,XGBoost,SMOTETomek,0.57312,0.09002,6.36651,0.56525,0.11126,5.08067,0.6685,0.10308,6.48521,0.64277,0.08154,7.88268,0.66652,0.10555,6.31453
2s_no,XGBoost,Baseline (none),0.57063,0.12681,4.49986,0.54092,0.15465,3.49781,0.68884,0.10407,6.61873,0.65612,0.09541,6.87683,0.68326,0.10702,6.38432
2s_no,XGBoost,SMOTE,0.59136,0.10366,5.70461,0.58157,0.13414,4.33561,0.68816,0.0953,7.22109,0.66221,0.08494,7.79608,0.68463,0.0991,6.90852
2s_no,XGBoost,TomekLinks,0.60425,0.13341,4.52928,0.6127,0.1511,4.05486,0.69399,0.10298,6.73901,0.67036,0.10015,6.69383,0.69331,0.10714,6.47114
2s_no,XGBoost,SMOTETomek,0.60659,0.1229,4.93546,0.59903,0.1574,3.80585,0.70481,0.09252,7.6179,0.6762,0.08435,8.01634,0.70154,0.09492,7.39065
2s_0.5,XGBoost,Baseline (none),0.57642,0.0901,6.39766,0.56571,0.15159,3.73184,0.67908,0.10328,6.57539,0.65404,0.08929,7.32499,0.67614,0.10757,6.28561
2s_0.5,XGBoost,SMOTE,0.60794,0.07984,7.61428,0.61451,0.13213,4.65076,0.69204,0.0998,6.93397,0.67075,0.0847,7.91913,0.69233,0.10176,6.80325
2s_0.5,XGBoost,TomekLinks,0.61719,0.07282,8.47514,0.6388,0.1279,4.9945,0.69432,0.09013,7.70369,0.67518,0.07504,8.99705,0.69607,0.09203,7.56347
2s_0.5,XGBoost,SMOTETomek,0.60249,0.0851,7.08002,0.60685,0.11972,5.06895,0.69,0.09391,7.34711,0.66742,0.08085,8.25481,0.69103,0.09491,7.28096
2s_0.8,XGBoost,Baseline (none),0.57597,0.09721,5.9251,0.55499,0.13057,4.25038,0.6772,0.09519,7.11394,0.65123,0.07872,8.2726,0.6726,0.10069,6.67978
2s_0.8,XGBoost,SMOTE,0.59798,0.07786,7.6805,0.5874,0.11417,5.14477,0.68368,0.09178,7.44891,0.66201,0.0723,9.15701,0.68065,0.0958,7.10485
2s_0.8,XGBoost,TomekLinks,0.58107,0.07897,7.35804,0.55344,0.11037,5.01443,0.67872,0.09526,7.12459,0.65374,0.07432,8.79671,0.67393,0.09895,6.81059
2s_0.8,XGBoost,SMOTETomek,0.58123,0.08663,6.7095,0.57139,0.1283,4.45352,0.67525,0.08999,7.50322,0.6508,0.07267,8.95596,0.67118,0.09564,7.01799
3s_no,XGBoost,Baseline (none),0.60847,0.1057,5.75644,0.60112,0.15758,3.81465,0.69445,0.12092,5.7428,0.67266,0.10912,6.16411,0.69007,0.12623,5.46669
3s_no,XGBoost,SMOTE,0.62772,0.10613,5.91485,0.65215,0.18054,3.61229,0.69399,0.12186,5.69512,0.67735,0.11115,6.09383,0.69022,0.12774,5.40315
3s_no,XGBoost,TomekLinks,0.63465,0.09782,6.48781,0.66179,0.15442,4.28561,0.70141,0.10866,6.45537,0.6839,0.0975,7.01406,0.70164,0.1111,6.31532
3s_no,XGBoost,SMOTETomek,0.64599,0.09627,6.70991,0.67917,0.18082,3.75597,0.70937,0.11044,6.42313,0.69252,0.10077,6.87201,0.70697,0.11551,6.12036
3s_0.5,XGBoost,Baseline (none),0.57698,0.09434,6.11579,0.57064,0.16195,3.52357,0.66709,0.10841,6.15336,0.64719,0.09535,6.78745,0.66187,0.11391,5.8104
3s_0.5,XGBoost,SMOTE,0.59641,0.07607,7.84002,0.60971,0.14158,4.30658,0.66896,0.09885,6.76771,0.65368,0.08492,7.69795,0.66847,0.10117,6.60723
3s_0.5,XGBoost,TomekLinks,0.61261,0.06392,9.58416,0.62466,0.1371,4.55611,0.67996,0.09497,7.1594,0.6647,0.07783,8.5407,0.67929,0.09546,7.1157
3s_0.5,XGBoost,SMOTETomek,0.6331,0.0854,7.41328,0.64764,0.13638,4.74863,0.69369,0.10857,6.38948,0.68084,0.09689,7.02713,0.69413,0.10884,6.37748
3s_0.8,XGBoost,Baseline (none),0.57914,0.10233,5.65969,0.5606,0.16455,3.40699,0.67336,0.13547,4.97059,0.64943,0.1161,5.59386,0.66888,0.14053,4.7598
3s_0.8,XGBoost,SMOTE,0.59439,0.09009,6.59764,0.60503,0.16528,3.66063,0.67527,0.11888,5.68022,0.65346,0.09977,6.54968,0.67439,0.1227,5.49623
3s_0.8,XGBoost,TomekLinks,0.59678,0.10391,5.74316,0.60432,0.17194,3.51469,0.67711,0.13192,5.13277,0.65679,0.11507,5.70778,0.67624,0.13637,4.95885
3s_0.8,XGBoost,SMOTETomek,0.59231,0.0935,6.3351,0.60619,0.15942,3.80242,0.67122,0.1227,5.47031,0.65043,0.10433,6.23436,0.67115,0.12683,5.29185
4s_no,XGBoost,Baseline (none),0.5971,0.11473,5.20444,0.61808,0.1973,3.13263,0.67474,0.10986,6.14179,0.65736,0.10285,6.39169,0.67179,0.11364,5.91132
4s_no,XGBoost,SMOTE,0.61588,0.10942,5.62857,0.65576,0.19526,3.35837,0.67907,0.10993,6.1775,0.66576,0.10357,6.42826,0.67918,0.1135,5.98392
4s_no,XGBoost,TomekLinks,0.61991,0.12074,5.13427,0.6638,0.2086,3.18215,0.6885,0.10375,6.63613,0.67181,0.10013,6.70956,0.68591,0.10979,6.24761
4s_no,XGBoost,SMOTETomek,0.62968,0.11042,5.7025,0.67246,0.19915,3.37672,0.69146,0.11384,6.07398,0.67866,0.10792,6.28872,0.69207,0.11739,5.89531
4s_0.5,XGBoost,Baseline (none),0.56641,0.12659,4.47433,0.55685,0.18467,3.01534,0.67539,0.10549,6.40216,0.64628,0.0982,6.58135,0.66771,0.11673,5.72028
4s_0.5,XGBoost,SMOTE,0.60309,0.13691,4.405,0.60897,0.18735,3.25036,0.68941,0.11074,6.22559,0.66668,0.10634,6.26932,0.68521,0.11916,5.75043
4s_0.5,XGBoost,TomekLinks,0.62073,0.11391,5.44919,0.63759,0.16507,3.86242,0.69894,0.09536,7.32971,0.6782,0.0875,7.75076,0.6975,0.10101,6.90502
4s_0.5,XGBoost,SMOTETomek,0.61628,0.12903,4.77628,0.63401,0.18188,3.48576,0.69758,0.10303,6.77041,0.67524,0.09708,6.95566,0.6949,0.10973,6.33288
4s_0.8,XGBoost,Baseline (none),0.60619,0.12559,4.82658,0.60103,0.18781,3.20024,0.6893,0.1264,5.45311,0.66834,0.11407,5.85896,0.68488,0.13335,5.13597
4s_0.8,XGBoost,SMOTE,0.62173,0.11508,5.40262,0.64259,0.1733,3.70798,0.68407,0.12614,5.4232,0.66862,0.11337,5.89773,0.68293,0.13069,5.2254
4s_0.8,XGBoost,TomekLinks,0.618,0.1277,4.83955,0.62643,0.19058,3.28696,0.69391,0.12427,5.584,0.67424,0.11366,5.93223,0.69031,0.13176,5.23917
4s_0.8,XGBoost,SMOTETomek,0.61102,0.10242,5.96599,0.62252,0.16681,3.73194,0.68082,0.12027,5.66101,0.66327,0.10536,6.29553,0.67933,0.12378,5.48842
5s_no,XGBoost,Baseline (none),0.59397,0.14081,4.21831,0.59262,0.22621,2.61972,0.696,0.11989,5.80519,0.67108,0.11634,5.76818,0.69001,0.13011,5.30325
5s_no,XGBoost,SMOTE,0.61417,0.11198,5.48484,0.64593,0.19752,3.27018,0.69028,0.10763,6.41322,0.67098,0.10021,6.69545,0.68953,0.11389,6.05447
5s_no,XGBoost,TomekLinks,0.66545,0.09807,6.78526,0.72805,0.18696,3.89421,0.71689,0.10044,7.13721,0.70469,0.09276,7.59662,0.71932,0.10385,6.9263
5s_no,XGBoost,SMOTETomek,0.60192,0.10113,5.95175,0.64097,0.19655,3.26106,0.676,0.10579,6.39009,0.65839,0.09506,6.92614,0.67529,0.11242,6.00687
5s_0.5,XGBoost,Baseline (none),0.63164,0.12793,4.93749,0.62468,0.18347,3.40473,0.71284,0.1298,5.49179,0.69344,0.11938,5.80883,0.70908,0.13875,5.11058
5s_0.5,XGBoost,SMOTE,0.62354,0.11654,5.35029,0.63632,0.17402,3.65664,0.69132,0.13191,5.24075,0.67602,0.1191,5.67601,0.68994,0.13839,4.9856
5s_0.5,XGBoost,TomekLinks,0.63402,0.10371,6.11355,0.6552,0.16822,3.89479,0.70236,0.11534,6.08962,0.68557,0.10283,6.66715,0.70291,0.11999,5.85805
5s_0.5,XGBoost,SMOTETomek,0.63321,0.11632,5.44364,0.64635,0.16871,3.83109,0.70467,0.12417,5.67494,0.68739,0.11266,6.10163,0.70453,0.12955,5.43827
5s_0.8,XGBoost,Baseline (none),0.6118,0.11703,5.2276,0.59551,0.17179,3.46656,0.68684,0.12984,5.28969,0.66801,0.11764,5.67861,0.68366,0.13317,5.13381
5s_0.8,XGBoost,SMOTE,0.62476,0.11708,5.33636,0.63282,0.17686,3.57816,0.68203,0.13969,4.88246,0.66622,0.1288,5.1724,0.68217,0.14032,4.86162
5s_0.8,XGBoost,TomekLinks,0.63092,0.1279,4.93309,0.62563,0.19045,3.28507,0.69592,0.14003,4.96988,0.67889,0.12915,5.25658,0.69358,0.14283,4.85592
5s_0.8,XGBoost,SMOTETomek,0.63459,0.09616,6.59938,0.64158,0.1523,4.21254,0.68829,0.1254,5.48872,0.67422,0.11348,5.94105,0.68885,0.1256,5.48471
